Date,Open,High,Low,Close,Volume
5/24/2018 16:00:00,34.07,34.19,33.89,34,16625330
5/25/2018 16:00:00,33.93,34.03,33.67,33.8,14236565
5/29/2018 16:00:00,33.51,33.85,33.46,33.82,26735896
5/30/2018 16:00:00,34.06,34.34,34.01,34.15,27603229
5/31/2018 16:00:00,34.06,34.34,34.01,34.15,4242
6/1/2018 16:00:00,34.35,34.37,34.21,34.34,21200222
6/4/2018 16:00:00,34.49,34.63,34.32,34.53,18041056
6/5/2018 16:00:00,34.59,34.71,34.43,34.52,20375797
6/6/2018 16:00:00,34.48,34.64,34.28,34.46,18375821
6/7/2018 16:00:00,34.57,34.66,34.45,34.57,16208120
6/8/2018 16:00:00,34.61,34.77,34.53,34.74,15610786
6/11/2018 16:00:00,34.86,34.86,34.37,34.39,18506278
6/12/2018 16:00:00,34.47,34.48,34.24,34.39,15533095
6/13/2018 16:00:00,34.45,34.59,34.29,34.31,15207986
6/14/2018 16:00:00,34.31,34.47,34.15,34.26,18936803
6/15/2018 16:00:00,34.28,34.47,34.14,34.45,46638490
6/18/2018 16:00:00,34.23,34.31,33.85,34.26,22906545
6/19/2018 16:00:00,34,34.45,33.98,34.31,17537628
6/20/2018 16:00:00,34.38,34.65,34.3,34.54,20260245
6/21/2018 16:00:00,34.36,34.45,34.25,34.39,16027644
6/22/2018 16:00:00,34.57,34.71,34.48,34.59,26613610
6/25/2018 16:00:00,34.41,34.54,34.23,34.46,19378054
6/26/2018 16:00:00,34.48,34.66,34.39,34.46,24131903
6/27/2018 16:00:00,34.39,34.63,34.27,34.3,27890386
6/28/2018 16:00:00,34.21,34.56,34.21,34.45,15660460
6/29/2018 16:00:00,34.53,34.65,34.37,34.37,19934906
7/2/2018 16:00:00,34.1,34.45,34.1,34.42,13810581
7/3/2018 13:00:00,34.47,34.65,34.33,34.44,9115864
7/5/2018 16:00:00,34.62,34.97,34.59,34.93,19346445
7/6/2018 16:00:00,35.05,35.28,34.93,35.16,22547897
7/9/2018 16:00:00,35.31,35.5,35.06,35.2,21185382
7/10/2018 16:00:00,35.34,35.53,35.24,35.46,19216190
7/11/2018 16:00:00,35.29,35.44,35.2,35.25,16883598
7/12/2018 16:00:00,35.44,35.58,35.25,35.54,16105203
7/13/2018 16:00:00,35.53,35.61,35.26,35.55,14456705
7/16/2018 16:00:00,35.51,35.57,35.33,35.41,16972210
7/17/2018 16:00:00,35.49,35.78,35.48,35.67,14933586
7/18/2018 16:00:00,35.61,35.74,35.51,35.68,19737628
7/19/2018 16:00:00,35.48,35.62,35.35,35.39,15746527
7/20/2018 16:00:00,35.24,35.36,35.17,35.36,14793271
7/23/2018 16:00:00,35.37,35.53,35.18,35.25,19784700
7/24/2018 16:00:00,35.4,35.76,35.3,35.71,16892601
7/25/2018 16:00:00,35.69,36.07,35.58,35.99,16266376
7/26/2018 16:00:00,36.04,36.35,36.04,36.15,23567896
7/27/2018 16:00:00,36.09,36.45,36.07,36.39,21018251
7/30/2018 16:00:00,36.34,36.64,36.17,36.56,20855309
7/31/2018 16:00:00,36.2,37.88,36.13,37.83,48232784
8/1/2018 16:00:00,37.54,38.2,37.46,38.15,31057499
8/2/2018 16:00:00,37.53,38.1,37.45,37.56,30246188
8/3/2018 16:00:00,37.53,38.52,37.41,38.4,25966165
8/6/2018 16:00:00,38.23,39.05,38.21,38.88,26071725
8/7/2018 16:00:00,38.7,39.08,38.64,38.69,17958832
8/8/2018 16:00:00,38.57,39.45,38.44,39.23,24513719
8/9/2018 16:00:00,39.12,39.19,38.66,38.84,19090378
8/10/2018 16:00:00,38.66,39.13,38.56,38.77,17261979
8/13/2018 16:00:00,38.79,39.04,38.66,38.66,18843100
8/14/2018 16:00:00,38.69,38.87,38.4,38.57,16448577
8/15/2018 16:00:00,38.65,39.07,38.51,38.99,21279365
8/16/2018 16:00:00,39.06,39.29,38.91,39.24,15614269
8/17/2018 16:00:00,39.3,39.97,39.29,39.87,24583231
8/20/2018 16:00:00,39.98,40.52,39.87,40.1,21367175
8/21/2018 16:00:00,40.1,40.2,39.78,39.94,17678607
8/22/2018 16:00:00,39.93,40.11,39.61,39.85,14233143
8/23/2018 16:00:00,39.89,40.09,39.75,39.98,19954610
8/24/2018 16:00:00,40.2,40.25,39.79,40.17,20552243
8/27/2018 16:00:00,40.28,40.38,39.13,39.39,23231398
8/28/2018 16:00:00,39.42,39.58,39.14,39.31,18854039
8/29/2018 16:00:00,39.31,39.42,39,39.31,14976323
8/30/2018 16:00:00,39.06,39.7,39.03,39.31,15194858
8/31/2018 16:00:00,39.12,39.39,38.93,39.33,19908467
9/4/2018 16:00:00,39.3,39.36,39.05,39.19,14492231
9/5/2018 16:00:00,39.12,39.71,39.09,39.65,20702043
9/6/2018 16:00:00,39.65,39.7,39.27,39.58,17416277
9/7/2018 16:00:00,39.4,40.12,39.28,39.98,20134401
9/10/2018 16:00:00,40.15,40.47,39.84,39.84,20381623
9/11/2018 16:00:00,39.79,40.19,39.74,40.08,18651629
9/12/2018 16:00:00,40.07,40.54,40.05,40.18,16611205
9/13/2018 16:00:00,40.26,40.66,40.2,40.59,17709787
9/14/2018 16:00:00,40.5,40.74,40.26,40.7,15939852
9/17/2018 16:00:00,40.75,40.91,40.49,40.74,16038234
9/18/2018 16:00:00,40.74,41.38,40.57,41.22,19416509
9/19/2018 16:00:00,41.13,41.38,40.73,40.98,22564634
9/20/2018 16:00:00,41.09,41.57,41.07,41.45,17476185
9/21/2018 16:00:00,41.47,41.87,41.31,41.74,35192233
9/24/2018 16:00:00,41.63,42.11,41.52,41.62,17163134
9/25/2018 16:00:00,41.81,41.96,41.46,41.48,14533656
9/26/2018 16:00:00,41.53,41.98,41.34,41.38,17442871
9/27/2018 16:00:00,41.48,41.85,41.38,41.59,14124737
9/28/2018 16:00:00,41.62,41.82,41.42,41.75,14662793
10/1/2018 16:00:00,41.71,42.18,41.6,41.94,16008053
10/2/2018 16:00:00,41.88,42.05,41.81,41.89,17236862
10/3/2018 16:00:00,41.95,42.48,41.95,42.45,22730183
10/4/2018 16:00:00,42.18,42.43,41.96,42.35,17989207
10/5/2018 16:00:00,42.36,42.63,42.25,42.54,17184608
10/8/2018 16:00:00,42.39,42.93,42.35,42.9,23415164
10/9/2018 16:00:00,42.62,43.4,42.43,43.08,20386178
10/10/2018 16:00:00,43.06,43.32,42.14,42.17,32017319
10/11/2018 16:00:00,42.02,42.15,40.17,40.56,42029578
10/12/2018 16:00:00,40.52,41.64,40.39,41.47,28858723
10/15/2018 16:00:00,41.35,41.41,40.72,40.85,22773043
10/16/2018 16:00:00,41.07,41.66,40.77,41.62,21208405
10/17/2018 16:00:00,41.46,42.44,41.45,42.22,21967908
10/18/2018 16:00:00,42,42.16,41.41,41.68,21345724
10/19/2018 16:00:00,41.73,42.47,41.66,42.16,18562548
10/22/2018 16:00:00,42.1,42.17,41.7,42.03,17103310
10/23/2018 16:00:00,41.58,41.99,41.39,41.78,21890987
10/24/2018 16:00:00,41.5,41.95,40.12,40.24,35035292
10/25/2018 16:00:00,40.16,41.63,39.47,41.12,36623024
10/26/2018 16:00:00,40.78,41,39.96,40.36,28743182
10/29/2018 16:00:00,40.69,41.38,40.32,40.95,30215917
10/30/2018 16:00:00,39.74,40.82,39.58,40.63,33609272
10/31/2018 16:00:00,40.74,41.36,40.46,40.79,26748787
11/1/2018 16:00:00,40.92,41.52,40.82,41.37,23034261
11/2/2018 16:00:00,41.46,41.53,40.24,40.67,22982040
11/5/2018 16:00:00,40.57,41.32,40.57,41.23,20520313
11/6/2018 16:00:00,41.28,41.29,40.44,40.74,21057074
11/7/2018 16:00:00,41.1,42.21,41.01,42.06,34910149
11/8/2018 16:00:00,41.55,41.87,41.18,41.54,24380017
11/9/2018 16:00:00,41.42,42.26,41.42,41.95,24708399
11/12/2018 16:00:00,41.95,42.2,41.59,41.79,20734237
11/13/2018 16:00:00,42,42.12,41.07,41.23,19126232
11/14/2018 16:00:00,41.46,41.54,40.46,40.65,26943898
11/15/2018 16:00:00,40.45,41.1,40.11,40.93,24607466
11/16/2018 16:00:00,40.83,41.47,40.65,41.22,23343969
11/19/2018 16:00:00,41.32,41.94,41.22,41.85,22458796
11/20/2018 16:00:00,41.69,42.05,41.11,41.24,21791753
11/21/2018 16:00:00,41.21,41.21,40.52,40.83,18658355
11/23/2018 13:00:00,40.69,41.25,40.55,40.87,8390899
11/26/2018 16:00:00,41.04,41.2,40.62,41.06,19115673
11/27/2018 16:00:00,40.92,41.82,40.71,41.75,18753278
11/28/2018 16:00:00,41.96,42.55,41.78,42.54,18873503
11/29/2018 16:00:00,42.4,43.42,42.35,43.11,24729884
11/30/2018 16:00:00,42.96,43.82,42.9,43.8,42746243
12/3/2018 16:00:00,43.93,43.94,43.35,43.57,25397211
12/4/2018 16:00:00,43.8,44.02,42.73,42.76,27233298
12/6/2018 16:00:00,42.23,42.62,41.32,42.61,30539392
12/7/2018 16:00:00,42.46,42.58,41.37,41.61,26531218
12/10/2018 16:00:00,41.82,42.21,40.8,42.06,24846171
12/11/2018 16:00:00,41.76,42.17,41.28,41.69,22680157
12/12/2018 16:00:00,42.01,42.48,41.82,41.83,19147119
12/13/2018 16:00:00,42.12,42.54,41.88,42.22,22404113
12/14/2018 16:00:00,41.76,41.8,41.14,41.49,31333031
12/17/2018 16:00:00,41.21,41.65,40.72,40.84,36672032
12/18/2018 16:00:00,41.18,41.21,39.83,40.17,29531122
12/19/2018 16:00:00,40.57,40.73,39.37,39.76,35045483
12/20/2018 16:00:00,39.51,40.18,39.34,39.74,32727427
12/21/2018 16:00:00,39.45,40.61,39.27,39.72,58755356
12/24/2018 13:00:00,39.61,39.75,38.39,38.41,18764895
12/26/2018 16:00:00,38.52,39.98,38.29,39.97,24133940
12/27/2018 16:00:00,39.61,40.59,39.09,40.59,27414303
12/28/2018 16:00:00,40.75,41.24,40.56,40.7,24175496
12/31/2018 16:00:00,40.93,41.43,40.83,41.35,19481951
1/2/2019 16:00:00,40.85,41.21,40.39,40.97,25076212
1/3/2019 16:00:00,40.96,41.06,39.74,39.83,27043208
1/4/2019 16:00:00,40.2,41.06,40.03,40.74,25754634
1/7/2019 16:00:00,40.8,41.32,40.6,40.95,19919838
1/8/2019 16:00:00,41.27,41.4,40.88,41.14,18669087
1/9/2019 16:00:00,41.17,41.37,40.92,41.06,19077393
1/10/2019 16:00:00,40.94,40.95,39.82,40.08,37695611
1/11/2019 16:00:00,40.1,40.62,39.93,40.62,19985293
1/14/2019 16:00:00,40.31,40.38,39.95,40.14,16703162
1/15/2019 16:00:00,40.36,40.96,40.2,40.48,24540172
1/16/2019 16:00:00,40.35,40.54,39.82,39.89,28623739
1/17/2019 16:00:00,39.74,40.41,39.63,40.23,22938626
1/18/2019 16:00:00,40.6,40.62,40.03,40.29,36639882
1/22/2019 16:00:00,40.18,40.44,39.72,40.04,27935618
1/23/2019 16:00:00,39.78,39.98,39.36,39.94,23209663
1/24/2019 16:00:00,39.58,39.59,38.48,38.79,32631942
1/25/2019 16:00:00,38.94,39.08,38.37,38.5,34029811
1/28/2019 16:00:00,38.37,38.4,37.4,37.45,37314660
1/29/2019 16:00:00,37.42,38.7,37.39,38.62,48744552
1/30/2019 16:00:00,38.62,39.55,38.58,39.39,34220034
1/31/2019 16:00:00,39.2,40.38,39.17,40.21,38830562
2/1/2019 16:00:00,40.61,40.85,40.31,40.62,25844214
2/4/2019 16:00:00,40.58,40.58,39.75,40.2,18431233
2/5/2019 16:00:00,40.2,40.48,39.84,39.89,20045245
2/6/2019 16:00:00,39.71,40.14,39.59,40.1,15607570
2/7/2019 16:00:00,39.89,39.93,39.04,39.5,23005696
2/8/2019 16:00:00,39.34,40.02,39.3,40.01,26091645
2/11/2019 16:00:00,40.05,40.08,39.32,39.48,25713635
2/12/2019 16:00:00,39.51,39.8,39.21,39.66,28975461
2/13/2019 16:00:00,39.71,39.84,39.21,39.5,23488812
2/14/2019 16:00:00,39.5,39.9,39.43,39.76,18847247
2/15/2019 16:00:00,40.15,40.27,39.86,40.17,18186859
2/19/2019 16:00:00,40.02,40.6,39.96,40.36,23181303
2/20/2019 16:00:00,40.29,40.32,39.72,39.98,25953408
2/21/2019 16:00:00,39.81,40.09,39.66,39.92,18607063
2/22/2019 16:00:00,40.07,40.85,40,40.7,23510009
2/25/2019 16:00:00,40.77,41.08,40.68,40.81,23979889
2/26/2019 16:00:00,40.7,40.95,40.55,40.75,15701050
2/27/2019 16:00:00,40.72,40.94,40.56,40.67,15631014
2/28/2019 16:00:00,40.69,41.47,40.61,41.07,37004223
3/1/2019 16:00:00,41.31,41.48,41.01,41.08,25301489
3/4/2019 16:00:00,41.15,41.29,40.62,40.8,21637448
3/5/2019 16:00:00,40.82,40.97,40.59,40.63,25170612
3/6/2019 16:00:00,40.56,40.61,39.43,39.66,21262526
3/7/2019 16:00:00,39.66,39.69,39.08,39.21,27557956
3/8/2019 16:00:00,39.15,39.26,38.22,38.74,29702195
3/11/2019 16:00:00,38.94,39.33,38.65,39.31,27667468
3/12/2019 16:00:00,39.5,39.71,39.2,39.53,22932195
3/13/2019 16:00:00,39.66,39.91,39.36,39.8,22500347
3/14/2019 16:00:00,39.79,39.86,38.96,39.02,30473983
3/15/2019 16:00:00,39.06,39.67,38.71,39.58,70938023
3/18/2019 16:00:00,39.57,39.85,39.46,39.61,18021218
3/19/2019 16:00:00,39.76,40.2,39.55,40.07,25050546
3/20/2019 16:00:00,39.98,40.16,39.58,39.95,22295088
3/21/2019 16:00:00,39.72,40.39,39.66,40.12,23019526
3/22/2019 16:00:00,39.98,40.38,39.62,39.65,18614890
3/25/2019 16:00:00,39.61,39.93,39.48,39.68,18808072
3/26/2019 16:00:00,39.98,40.45,39.91,40.19,19781073
3/27/2019 16:00:00,40.11,40.39,39.71,39.81,18458296
3/28/2019 16:00:00,39.96,40.13,39.84,40.06,16048895
3/29/2019 16:00:00,40.17,40.34,39.97,40.23,20571118
4/1/2019 16:00:00,40.34,40.67,40.31,40.58,19302651
4/2/2019 16:00:00,40.69,40.91,40.49,40.65,17670906
4/3/2019 16:00:00,40.73,40.8,40.31,40.58,15370795
4/4/2019 16:00:00,40.54,40.65,40.26,40.49,12325356
4/5/2019 16:00:00,40.72,41,40.63,40.73,14761894
4/8/2019 16:00:00,40.8,41,40.65,40.87,14620975
4/9/2019 16:00:00,40.72,40.74,40.34,40.58,17860595
4/10/2019 16:00:00,40.66,40.66,40.4,40.48,12526176
4/11/2019 16:00:00,40.54,40.57,39.78,40.04,19179152
4/12/2019 16:00:00,40.11,40.11,39.39,39.51,20245333
4/15/2019 16:00:00,39.66,39.9,39.29,39.87,17421965
4/16/2019 16:00:00,40,40.07,38.68,38.76,26097727
4/17/2019 16:00:00,38.75,38.84,37.32,37.78,40239196
4/18/2019 16:00:00,37.83,37.83,36.4,37.31,47988381
4/22/2019 16:00:00,36.97,37.42,36.77,36.93,29429714
4/23/2019 16:00:00,37.03,37.55,36.83,37.34,25305608
4/24/2019 16:00:00,37.42,37.55,37.1,37.3,20110959
4/25/2019 16:00:00,37.18,37.73,37.1,37.52,17201238
4/26/2019 16:00:00,37.58,37.88,37.37,37.86,19025763
4/29/2019 16:00:00,37.86,37.91,37.5,37.5,22038880
4/30/2019 16:00:00,38.27,39.01,37.7,38.47,32600041
5/1/2019 16:00:00,38.45,38.76,38.05,38.62,19642677
5/2/2019 16:00:00,38.66,38.86,38.44,38.85,19422375
5/3/2019 16:00:00,39.05,39.31,38.87,39.21,17708528
5/6/2019 16:00:00,38.76,39.57,38.69,39.46,24643086
5/7/2019 16:00:00,39.21,39.51,38.37,38.68,26189630
5/8/2019 16:00:00,38.65,38.87,38.31,38.79,22592124
5/9/2019 16:00:00,38.18,38.69,38.11,38.5,18721469
5/10/2019 16:00:00,38.49,38.67,37.77,38.58,16500823
5/13/2019 16:00:00,38.11,38.51,38.04,38.43,26575851
5/14/2019 16:00:00,38.45,38.72,38.42,38.52,25401053
5/15/2019 16:00:00,38.71,39.12,38.56,38.98,31803418
5/16/2019 16:00:00,38.98,39.77,38.98,39.45,24201579
5/17/2019 16:00:00,39.12,39.61,39.08,39.29,27692390
5/20/2019 16:00:00,39.22,39.51,39.11,39.4,23009069
5/21/2019 16:00:00,39.51,39.61,39.3,39.48,27310300
5/22/2019 16:00:00,39.49,39.99,39.36,39.78,23979958
5/23/2019 16:00:00,39.64,39.77,39.45,39.71,24189995
5/24/2019 16:00:00,39.84,40.08,39.66,39.74,14595227
5/28/2019 16:00:00,39.93,40.24,39.68,39.69,46907903
5/29/2019 16:00:00,39.5,39.64,39.11,39.52,25517868
5/30/2019 16:00:00,39.48,39.74,39.39,39.69,16455664
5/31/2019 16:00:00,39.49,39.77,39.27,39.33,21479471
6/3/2019 16:00:00,39.44,39.97,39.38,39.71,21483017
6/4/2019 16:00:00,40.24,40.5,39.83,40.01,17508282
6/5/2019 16:00:00,40.36,40.58,40.17,40.24,20321549
6/6/2019 16:00:00,40.55,40.82,40.24,40.46,23239278
6/7/2019 16:00:00,40.72,40.97,40.6,40.66,18997933
6/10/2019 16:00:00,40.96,40.96,40.42,40.8,14493063
6/11/2019 16:00:00,40.92,41.02,40.31,40.42,17849362
6/12/2019 16:00:00,40.23,40.9,40.22,40.81,15462133
6/13/2019 16:00:00,40.8,40.87,40.13,40.26,13723002
6/14/2019 16:00:00,40.28,40.61,40.24,40.51,12521887
6/17/2019 16:00:00,40.45,40.64,40.12,40.62,13372836
6/18/2019 16:00:00,40.56,41.05,40.56,40.8,21663638
6/19/2019 16:00:00,40.9,41.29,40.82,41.21,20639147
6/20/2019 16:00:00,41.52,41.79,41.21,41.3,22296624
6/21/2019 16:00:00,41.26,41.68,41.03,41.37,36187091
6/24/2019 16:00:00,41.39,41.59,41.18,41.46,23362711
6/25/2019 16:00:00,41.54,41.96,41.46,41.46,26972684
6/26/2019 16:00:00,41.38,41.49,40.26,40.73,38908279
6/27/2019 16:00:00,40.75,41.27,40.74,41.14,20868067
6/28/2019 16:00:00,41.16,41.41,40.71,41.04,37690857
7/1/2019 16:00:00,41.22,41.57,41.05,41.46,20261720
7/2/2019 16:00:00,41.38,41.89,41.36,41.89,15694439
7/3/2019 13:00:00,42.03,42.21,41.66,42.06,9770042
7/5/2019 16:00:00,41.98,42.01,41.47,41.61,17357985
7/8/2019 16:00:00,41.49,41.56,40.72,41.02,22728000
7/9/2019 16:00:00,41.13,41.49,41.02,41.09,13494603
7/10/2019 16:00:00,41.35,41.78,41.15,41.74,14514760
7/11/2019 16:00:00,41.04,41.27,40.15,40.72,36416967
7/12/2019 16:00:00,40.65,40.73,39.8,40.17,31860489
7/15/2019 16:00:00,40.04,40.52,40.02,40.5,19320588
7/16/2019 16:00:00,40.54,40.7,40.24,40.59,18551648
7/17/2019 16:00:00,40.82,40.92,40.48,40.49,15504260
7/18/2019 16:00:00,40.6,40.79,40.31,40.79,13025669
7/19/2019 16:00:00,40.92,40.93,40.52,40.52,22345912
7/22/2019 16:00:00,40.57,40.75,40.31,40.56,11909043
7/23/2019 16:00:00,40.59,40.95,40.5,40.82,18583350
7/24/2019 16:00:00,40.74,40.74,40.14,40.63,17189555
7/25/2019 16:00:00,40.57,40.74,40.29,40.42,16617532
7/26/2019 16:00:00,40.41,40.9,40.2,40.82,19983201
7/29/2019 16:00:00,39.95,40.74,39.16,39.27,61251565
7/30/2019 16:00:00,37.73,38.12,36.57,36.75,90834604
7/31/2019 16:00:00,36.57,37.58,36.48,36.79,53424454
8/1/2019 16:00:00,36.29,36.59,35.7,36.24,48979979
8/2/2019 16:00:00,36.24,36.51,35.76,36,27659958
8/5/2019 16:00:00,35.77,35.84,34.49,35.01,43671852
8/6/2019 16:00:00,35.23,35.35,34.55,35,30347061
8/7/2019 16:00:00,34.72,34.85,33.97,34.65,30376864
8/8/2019 16:00:00,34.77,35,34.67,34.93,22159757
8/9/2019 16:00:00,34.83,34.89,34.21,34.44,24090753
8/12/2019 16:00:00,34.4,34.41,32.95,33.53,39304025
8/13/2019 16:00:00,33.56,33.92,33.3,33.35,43252419
8/14/2019 16:00:00,33.09,33.14,32.4,32.44,36654089
8/15/2019 16:00:00,32.49,32.76,32.18,32.66,29140094
8/16/2019 16:00:00,32.89,33.17,32.67,32.83,28474674
8/19/2019 16:00:00,33.04,33.46,33,33.33,20870280
8/20/2019 16:00:00,33.25,33.31,32.75,32.79,18911765
8/21/2019 16:00:00,33.1,33.27,32.99,33.03,18226251
8/22/2019 16:00:00,33.12,33.37,32.97,33.23,16066548
8/23/2019 16:00:00,33.36,33.49,32.37,32.53,26344200
8/26/2019 16:00:00,32.8,33.02,32.66,33.01,16575364
8/27/2019 16:00:00,33.17,33.24,32.5,32.53,23450022
8/28/2019 16:00:00,32.55,33.3,32.47,33.23,24719580
8/29/2019 16:00:00,33.91,33.91,33.37,33.47,18608615
8/30/2019 16:00:00,33.74,33.84,33.42,33.68,17907306
9/3/2019 16:00:00,33.73,34.37,33.64,34.22,25260981
9/4/2019 16:00:00,34.39,34.48,33.82,33.94,19609207
9/5/2019 16:00:00,34.21,34.56,34,34.43,20965748
9/6/2019 16:00:00,34.45,34.64,34.21,34.58,19804036
9/9/2019 16:00:00,34.66,34.9,34.23,34.89,23411395
9/10/2019 16:00:00,34.66,35.41,34.12,35.41,30598397
9/11/2019 16:00:00,35.75,35.77,34.96,35.44,16094094
9/12/2019 16:00:00,35.59,35.64,35.1,35.32,15837117
9/13/2019 16:00:00,35.42,35.62,34.68,34.97,22864873
9/16/2019 16:00:00,34.54,35.07,34.44,34.89,18858707
9/17/2019 16:00:00,34.85,34.86,34.43,34.58,21245862
9/18/2019 16:00:00,34.64,34.79,34.35,34.46,18700048
9/19/2019 16:00:00,34.5,34.83,34.43,34.59,16879321
9/20/2019 16:00:00,34.95,35.29,34.56,34.76,43916806
9/23/2019 16:00:00,34.46,34.66,34.32,34.33,16436348
9/24/2019 16:00:00,34.36,34.65,34.09,34.11,22995225
9/25/2019 16:00:00,34.02,34.44,33.82,34.01,19297115
9/26/2019 16:00:00,34.17,34.33,33.69,33.9,16196048
9/27/2019 16:00:00,33.97,34.43,33.84,34.31,16682904
9/30/2019 16:00:00,34.37,34.4,34.03,34.04,16339376
10/1/2019 16:00:00,34.04,34.12,33.56,33.56,20926777
10/2/2019 16:00:00,33.4,33.41,32.83,32.87,21354495
10/3/2019 16:00:00,32.88,33.6,32.78,33.58,21141346
10/4/2019 16:00:00,33.62,34.09,33.58,34.04,17168058
10/7/2019 16:00:00,33.93,34.35,33.91,33.94,11169115
10/8/2019 16:00:00,33.77,33.99,33.55,33.56,14043173
10/9/2019 16:00:00,33.77,34,33.66,33.81,12954607
10/10/2019 16:00:00,33.79,34.12,33.73,33.91,11720794
10/11/2019 16:00:00,34.24,34.65,34.17,34.21,17523655
10/14/2019 16:00:00,34.26,34.44,34.09,34.39,8417230
10/15/2019 16:00:00,34.53,34.81,34.49,34.58,14419744
10/16/2019 16:00:00,34.7,34.81,34.41,34.43,13722064
10/17/2019 16:00:00,34.57,34.87,34.45,34.54,14561579
10/18/2019 16:00:00,34.51,34.77,34.44,34.54,13491206
10/21/2019 16:00:00,34.72,34.75,34.45,34.54,12584652
10/22/2019 16:00:00,34.49,34.77,34.34,34.51,13811980
10/23/2019 16:00:00,34.4,34.84,34.31,34.83,13301356
10/24/2019 16:00:00,34.81,34.9,34.35,34.47,19023140
10/25/2019 16:00:00,34.48,34.94,34.4,34.83,16601235
10/28/2019 16:00:00,34.92,35.51,34.88,35.32,24478530
10/29/2019 16:00:00,36,36.72,35.92,36.2,30561662
10/30/2019 16:00:00,36.39,36.78,36.28,36.45,20891284
10/31/2019 16:00:00,36.37,36.55,36.17,36.35,23282647
11/1/2019 16:00:00,36.65,36.89,36.37,36.37,18276265
11/4/2019 16:00:00,36.67,36.7,36.03,36.03,16802447
11/5/2019 16:00:00,36.03,36.09,35.5,35.51,20577304
11/6/2019 16:00:00,35.63,35.74,35.39,35.63,17796685
11/7/2019 16:00:00,35.63,35.74,35.39,35.29,58316
11/8/2019 16:00:00,34.94,35.2,34.89,35.1,25263680
11/11/2019 16:00:00,34.97,35.06,34.81,34.99,11901530
11/12/2019 16:00:00,34.89,35.14,34.77,35.02,12655832
11/13/2019 16:00:00,35,35,34.39,34.67,24656692
11/14/2019 16:00:00,34.63,34.82,34.41,34.63,23902490
11/15/2019 16:00:00,34.7,35.5,34.6,35.32,34515591
11/18/2019 16:00:00,35.42,35.47,35.01,35.26,17168329
11/19/2019 16:00:00,35.46,35.7,35.35,35.68,25119176
11/20/2019 16:00:00,35.59,35.71,35.06,35.1,18925725
11/21/2019 16:00:00,35.25,35.94,35.09,35.75,19869702
11/22/2019 16:00:00,35.8,36.39,35.71,36.31,24235311
11/25/2019 16:00:00,36.45,36.83,36.42,36.64,29975885
11/26/2019 16:00:00,36.51,36.56,36.05,36.27,32848095
11/27/2019 16:00:00,36.36,36.67,36.31,36.6,18217970
11/29/2019 13:00:00,36.51,36.83,36.48,36.49,9292076
12/2/2019 16:00:00,36.75,36.76,36.24,36.27,14847393
12/3/2019 16:00:00,35.96,36.19,35.85,36.05,19840010
12/4/2019 16:00:00,36.22,36.25,35.89,36.13,13759216
12/5/2019 16:00:00,36.35,36.35,35.8,36.03,12427323
12/6/2019 16:00:00,36.26,36.49,36.2,36.27,12213372
12/9/2019 16:00:00,36.09,36.36,36.09,36.3,14971279
12/10/2019 16:00:00,36.25,36.55,36.17,36.45,18189079
12/11/2019 16:00:00,36.35,36.54,36.19,36.21,14771736
12/12/2019 16:00:00,36.16,36.59,36.16,36.51,12727846
12/13/2019 16:00:00,36.49,36.64,36.07,36.31,15824101
12/16/2019 16:00:00,36.66,37.32,36.62,37.08,22961941
12/17/2019 16:00:00,37.36,37.36,36.79,36.85,27551725
12/18/2019 16:00:00,36.96,37.02,36.6,36.84,25940186
12/19/2019 16:00:00,36.95,37.09,36.77,36.92,22294742
12/20/2019 16:00:00,37.28,37.46,36.92,37.16,55218402
12/23/2019 16:00:00,37.34,37.43,37.07,37.25,16560687
12/24/2019 13:00:00,37.26,37.36,37.14,37.22,4921941
12/26/2019 16:00:00,37.23,37.49,37.14,37.31,8905914
12/27/2019 16:00:00,37.35,37.53,37.18,37.25,9599858
12/30/2019 16:00:00,37.23,37.34,36.84,36.86,10963330
12/31/2019 16:00:00,36.75,37.14,36.67,37.12,14398894
1/2/2020 16:00:00,37.23,37.28,36.83,37.08,15668508
1/3/2020 16:00:00,36.68,37.17,36.63,36.88,14160525
1/6/2020 16:00:00,36.78,36.95,36.66,36.83,14964445
1/7/2020 16:00:00,37.06,37.07,36.64,36.71,19106673
1/8/2020 16:00:00,36.72,37.15,36.71,37,15563492
1/9/2020 16:00:00,37.2,37.2,36.75,36.84,20846670
1/10/2020 16:00:00,36.93,37.54,36.92,37.41,20453122
1/13/2020 16:00:00,37.53,37.68,37.14,37.33,14603987
1/14/2020 16:00:00,37.35,37.97,37.23,37.96,19848824
1/15/2020 16:00:00,38.07,38.72,38.05,38.53,22700038
1/16/2020 16:00:00,38.64,38.65,38.2,38.47,15385561
1/17/2020 16:00:00,38.43,38.66,38.29,38.38,21901267
1/21/2020 16:00:00,38.25,38.52,38.07,38.22,21931425
1/22/2020 16:00:00,38.2,38.28,37.86,38.07,17171029
1/23/2020 16:00:00,38.07,38.68,38.02,38.57,25757788
1/24/2020 16:00:00,38.78,38.81,37.55,37.72,32394393
1/27/2020 16:00:00,37.33,38.3,37.18,38.04,30326362
1/28/2020 16:00:00,37.25,37.41,35.95,36.13,66605677
1/29/2020 16:00:00,36.11,36.36,35.57,35.6,32428430
1/30/2020 16:00:00,35.15,35.21,34.76,35.12,30660865
1/31/2020 16:00:00,34.99,35.48,34.96,35.28,32157496
2/3/2020 16:00:00,35.49,36.03,35.34,35.53,19806426
2/4/2020 16:00:00,36.07,36.23,35.65,35.71,29554945
2/5/2020 16:00:00,35.86,36.54,35.83,36.16,27935394
2/6/2020 16:00:00,36.42,36.47,36.03,36.25,19969440
2/7/2020 16:00:00,36.34,36.38,35.93,36.05,20781404
2/10/2020 16:00:00,36.2,36.21,35.73,35.82,18973817
2/11/2020 16:00:00,35.89,36.12,35.77,36.08,15206157
2/12/2020 16:00:00,36.08,36.18,35.73,35.75,21768829
2/13/2020 16:00:00,35.6,35.6,34.94,34.99,20967453
2/14/2020 16:00:00,35.02,35.09,34.5,34.59,19930518
2/18/2020 16:00:00,34.63,34.74,34.36,34.41,17076732
2/19/2020 16:00:00,34.48,34.58,34.3,34.32,16841537
2/20/2020 16:00:00,33.83,34.16,33.55,33.96,40752452
2/21/2020 16:00:00,33.88,33.93,33.66,33.84,30763978
2/24/2020 16:00:00,33.19,33.53,32.78,32.84,36023998
2/25/2020 16:00:00,32.85,32.91,31.93,32.14,39733261
2/26/2020 16:00:00,32.44,33.36,32.23,32.89,45468733
2/27/2020 16:00:00,32.63,33.83,32.3,32.3,52604246
2/28/2020 16:00:00,31.73,32.15,30.82,31.66,62686926
3/2/2020 16:00:00,32.12,33.11,31.68,33.04,39880883
3/3/2020 16:00:00,33.33,33.9,32.08,32.49,43808820
3/4/2020 16:00:00,33.25,34.54,33.11,34.48,36728840
3/5/2020 16:00:00,33.77,34.27,33.3,33.59,33298157
3/6/2020 16:00:00,32.87,33.32,32.32,33.18,38834135
3/9/2020 16:00:00,31.7,32.86,31.41,31.98,40971383
3/10/2020 16:00:00,32.75,32.83,31.27,32.77,38470901
3/11/2020 16:00:00,31.98,32.1,29.99,30.48,62040667
3/12/2020 16:00:00,28.87,30.31,28.42,28.44,59517498
3/13/2020 16:00:00,29.62,31.15,28.64,30.99,57450721
3/16/2020 16:00:00,28.36,30.58,28.09,28.59,48382415
3/17/2020 16:00:00,29.97,30.93,28.98,30.47,51442678
3/18/2020 16:00:00,29.15,30.89,28.71,30.66,41636580
3/19/2020 16:00:00,30.52,30.55,28.43,28.82,56756052
3/20/2020 16:00:00,28.69,29.05,27.39,27.48,49799762
3/23/2020 16:00:00,27.25,28.02,26.41,26.99,50145209
3/24/2020 16:00:00,27.96,28.47,27.38,28.14,42188606
3/25/2020 16:00:00,27.95,29.1,27.47,28.18,42316195
3/26/2020 16:00:00,28.32,30.31,28.31,30.08,41062990
3/27/2020 16:00:00,29.18,30.07,29.05,29.27,36328620
3/30/2020 16:00:00,29.41,31.12,29.41,30.95,28409427
3/31/2020 16:00:00,30.69,31.26,30.54,30.92,27959542
4/1/2020 16:00:00,30.24,30.58,29.87,30.08,25341170
4/2/2020 16:00:00,30.22,31.26,30.08,31.14,25794016
4/3/2020 16:00:00,30.91,32.11,30.91,31.87,31154953
4/6/2020 16:00:00,32.13,33.06,32,32.75,38428056
4/7/2020 16:00:00,33.16,33.32,31.82,31.84,22985142
4/8/2020 16:00:00,32.2,32.97,31.68,32.78,24216276
4/9/2020 16:00:00,33.19,33.88,33.01,33.53,29141342
4/13/2020 16:00:00,34.07,34.09,32.89,33.29,17334099
4/14/2020 16:00:00,34.04,34.7,33.47,34.52,20726118
4/15/2020 16:00:00,34.16,34.32,33.71,34.08,20220325
4/16/2020 16:00:00,34.22,34.35,33.7,33.99,19599069
4/17/2020 16:00:00,34.58,35.05,34.21,34.97,23154488
4/20/2020 16:00:00,34.46,34.97,34.18,34.18,21376250
4/21/2020 16:00:00,33.9,34.04,33.51,33.74,22746948
4/22/2020 16:00:00,35.01,35.05,34.22,34.34,19151903
4/23/2020 16:00:00,34.37,35.43,34.37,34.76,19151219
4/24/2020 16:00:00,34.9,35.46,34.85,35.41,16470036
4/27/2020 16:00:00,35.61,36.51,35.59,36.31,22195482
4/28/2020 16:00:00,36.99,37.15,35.41,35.91,33839412
4/29/2020 16:00:00,36.43,36.52,35.72,36.11,25159860
4/30/2020 16:00:00,36,36.48,35.39,36.34,27942069
5/1/2020 16:00:00,35.86,35.94,35.42,35.66,21517923
5/4/2020 16:00:00,35.62,35.92,35.44,35.64,18874290
5/5/2020 16:00:00,36.77,36.81,36.25,36.48,22887973
5/6/2020 16:00:00,36.92,36.96,36.48,36.48,22815411
5/7/2020 16:00:00,36.39,36.46,34.95,35.01,31827424
5/8/2020 16:00:00,35.29,35.41,35.09,35.26,18881725
5/11/2020 16:00:00,35.29,36.2,35.2,36.09,24307817
5/12/2020 16:00:00,36.11,36.23,35.37,35.39,18344693
5/13/2020 16:00:00,35.35,35.45,34.66,35.1,23336671
5/14/2020 16:00:00,34.86,35.96,34.84,35.92,21216779
5/15/2020 16:00:00,35.96,36.16,35.42,35.77,24155585
5/18/2020 16:00:00,36.32,36.43,35.65,36.07,21479177
5/19/2020 16:00:00,35.86,36.02,35.35,35.7,18478352
5/20/2020 16:00:00,35.95,36.19,35.57,35.65,16607435
5/21/2020 16:00:00,35.59,35.67,35.1,35.3,16747793
5/22/2020 16:00:00,35.16,35.55,35.01,35.53,14972724
5/26/2020 16:00:00,35.67,35.88,35.48,35.52,22068379
5/27/2020 16:00:00,35.44,35.56,35.02,35.44,24576965
5/28/2020 16:00:00,35.85,36.42,35.73,36.17,21371034
5/29/2020 16:00:00,36.25,36.41,35.6,36.18,46146287
6/1/2020 16:00:00,33.63,33.85,33.07,33.59,73005888
6/2/2020 16:00:00,33.66,34.26,33.39,34.26,40503656
6/3/2020 16:00:00,34.38,34.49,33.67,34.26,36766624
6/4/2020 16:00:00,33.83,34.38,33.82,34.11,25629391
6/5/2020 16:00:00,34.33,34.57,33.99,34.09,34825149
6/8/2020 16:00:00,33.91,34.67,33.8,34.66,28647209
6/9/2020 16:00:00,34.58,34.73,34.27,34.3,20564604
6/10/2020 16:00:00,34.45,34.53,34,34.03,28042861
6/11/2020 16:00:00,33.73,33.8,31.53,31.55,59930390
6/12/2020 16:00:00,32.29,32.31,31.3,31.97,35960616
6/15/2020 16:00:00,31.55,31.94,31.03,31.6,34390398
6/16/2020 16:00:00,31.82,32.17,31,31.64,52767542
6/17/2020 16:00:00,31.82,31.99,31.56,31.79,26100377
6/18/2020 16:00:00,31.52,31.71,31.24,31.49,30625130
6/19/2020 16:00:00,31.92,31.96,31.37,31.66,41677037
6/22/2020 16:00:00,31.57,31.6,31.18,31.37,22137128
6/23/2020 16:00:00,31.45,31.5,31.02,31.04,35759420
6/24/2020 16:00:00,30.99,31.01,30.31,30.49,29238789
6/25/2020 16:00:00,30.42,30.67,30.15,30.62,26013893
6/26/2020 16:00:00,30.55,30.58,29.95,30.35,39994343
6/29/2020 16:00:00,30.75,30.95,30.5,30.92,22728941
6/30/2020 16:00:00,30.82,31.15,30.53,30.98,24147738
7/1/2020 16:00:00,32.72,32.72,31.94,31.96,69737244
7/2/2020 16:00:00,32.8,33.01,32.25,32.69,42951533
7/6/2020 16:00:00,33.11,33.15,32.57,32.69,25759949
7/7/2020 16:00:00,32.26,32.54,32.17,32.24,23859570
7/8/2020 16:00:00,32.22,32.56,31.8,31.97,23013834
7/9/2020 16:00:00,31.95,32.1,31.36,31.7,19320445
7/10/2020 16:00:00,31.89,32.25,31.72,32.05,23205943
7/13/2020 16:00:00,32.9,33.84,32.7,33.36,53670893
7/14/2020 16:00:00,33.51,33.55,33.04,33.37,31170910
7/15/2020 16:00:00,34.09,34.1,33.6,33.84,24947343
7/16/2020 16:00:00,33.73,33.76,33.4,33.73,17478027
7/17/2020 16:00:00,33.97,34.42,33.84,34.34,22169382
7/20/2020 16:00:00,35.52,35.64,34.41,34.58,34929465
7/21/2020 16:00:00,34.99,35.13,34.6,34.76,22435437
7/22/2020 16:00:00,36.22,36.69,35.54,36.53,86058379
7/23/2020 16:00:00,37.16,37.34,36.17,36.39,56584040
7/24/2020 16:00:00,36.03,36.14,35.36,35.68,32135188
7/27/2020 16:00:00,35.39,35.76,35.27,35.56,26224224
7/28/2020 16:00:00,36.51,37.26,36.06,36.96,53504653
7/29/2020 16:00:00,37.23,37.37,36.42,37.19,35136308
7/30/2020 16:00:00,36.26,36.89,36.19,36.7,30620341
7/31/2020 16:00:00,36.63,36.71,35.87,36.45,27042691
8/3/2020 16:00:00,36.58,36.62,36.2,36.33,29446336
8/4/2020 16:00:00,36.29,36.64,36.08,36.37,27939806
8/5/2020 16:00:00,36.44,36.5,36.12,36.42,23344231
8/6/2020 16:00:00,36.73,37.04,36.14,36.25,19850154
8/7/2020 16:00:00,36.28,36.58,36.15,36.42,21913899
8/10/2020 16:00:00,36.52,36.62,36.25,36.37,18941735
8/11/2020 16:00:00,36.53,36.55,35.69,35.8,20234243
8/12/2020 16:00:00,35.84,36.52,35.82,36.31,18942911
8/13/2020 16:00:00,36.07,36.17,35.89,36.16,14554052
8/14/2020 16:00:00,36.01,36.37,35.93,36.06,12240278
8/17/2020 16:00:00,36.04,36.39,35.95,36.33,16597946
8/18/2020 16:00:00,36.42,36.43,36.16,36.34,10290720
8/19/2020 16:00:00,36.45,36.57,36.11,36.25,14886179
8/20/2020 16:00:00,36.17,36.75,36.12,36.68,20832543
8/21/2020 16:00:00,36.86,36.95,36.54,36.83,24162380
8/24/2020 16:00:00,36.96,36.98,36.51,36.79,23730486
8/25/2020 16:00:00,36.48,36.53,35.95,36.39,24877806
8/26/2020 16:00:00,36.18,36.25,35.68,36.05,22849789
8/27/2020 16:00:00,35.96,36,35.7,35.87,21021429
8/28/2020 16:00:00,35.88,36.06,35.43,35.91,31148500
8/31/2020 16:00:00,35.85,36.02,35.53,35.8,28493795
9/1/2020 16:00:00,35.8,35.83,34.59,34.94,34308752
9/2/2020 16:00:00,34.83,35.34,34.48,35.24,27579439
9/3/2020 16:00:00,35.4,35.52,34.2,34.48,34114583
9/4/2020 16:00:00,34.57,34.7,33.98,34.45,25495483
9/8/2020 16:00:00,34.61,34.68,33.8,34.04,25366951
9/9/2020 16:00:00,34.38,34.72,34.24,34.27,26082113
9/10/2020 16:00:00,34.29,34.41,33.71,33.77,20541458
9/11/2020 16:00:00,33.86,34.21,33.58,34.17,22874071
9/14/2020 16:00:00,34.45,35.56,34.37,35.06,28050836
9/15/2020 16:00:00,35.23,35.38,34.87,35.01,20876431
9/16/2020 16:00:00,35.32,35.35,34.79,34.84,21105953
9/17/2020 16:00:00,34.84,35.02,34.63,34.88,16977605
9/18/2020 16:00:00,34.84,35.12,34.64,34.7,30070827
9/21/2020 16:00:00,34.45,34.56,33.51,34.12,25245657
9/22/2020 16:00:00,33.92,34.42,33.86,34.34,21562861
9/23/2020 16:00:00,34.43,34.46,34.07,34.1,21918884
9/24/2020 16:00:00,34.06,34.14,33.67,33.88,19791158
9/25/2020 16:00:00,33.67,34.25,33.65,34.15,13629626
9/28/2020 16:00:00,34.26,34.65,34.26,34.47,14273515
9/29/2020 16:00:00,34.51,34.62,34.14,34.27,12837608
9/30/2020 16:00:00,34.36,35.01,34.34,34.77,21469909
10/1/2020 16:00:00,34.97,35.14,34.26,34.45,21366561
10/2/2020 16:00:00,34.16,34.73,34.13,34.46,20362165
10/5/2020 16:00:00,34.61,34.94,34.43,34.81,18406105
10/6/2020 16:00:00,35.05,35.08,34.19,34.27,23940632
10/7/2020 16:00:00,34.35,34.66,34.13,34.55,21024705
10/8/2020 16:00:00,34.67,35.22,34.59,34.95,16942533
10/9/2020 16:00:00,34.89,35.16,34.66,34.85,22454877
10/12/2020 16:00:00,34.77,35.22,34.54,34.88,18419235
10/13/2020 16:00:00,34.74,35.17,34.7,34.96,20439462
10/14/2020 16:00:00,35.06,35.34,34.64,34.92,20991127
10/15/2020 16:00:00,34.7,34.81,34.49,34.63,15272507
10/16/2020 16:00:00,35.12,36.11,35.07,35.95,40790772
10/19/2020 16:00:00,36.4,36.8,35.66,35.81,30295368
10/20/2020 16:00:00,35.88,35.89,35.38,35.52,21238009
10/21/2020 16:00:00,35.39,35.48,35.11,35.13,18012247
10/22/2020 16:00:00,35.13,35.59,35.08,35.46,18257717
10/23/2020 16:00:00,35.93,36.27,35.66,36.17,28992325
10/26/2020 16:00:00,35.88,36.02,35.51,35.92,32052303
10/27/2020 16:00:00,35.09,36.11,34.93,35.46,34963528
10/28/2020 16:00:00,34.86,35.17,33.46,33.58,32122867
10/29/2020 16:00:00,33.61,33.76,32.78,33.42,26134103
10/30/2020 16:00:00,33.38,33.66,33.01,33.61,24334779
11/2/2020 16:00:00,34.04,34.34,33.67,34.32,20332670
11/3/2020 16:00:00,34.51,34.69,34.18,34.28,20528078
11/4/2020 16:00:00,35.11,36.11,35.01,35.36,38776606
11/5/2020 16:00:00,35.29,35.34,34.47,34.47,32188804
11/6/2020 16:00:00,34.47,34.79,34.19,34.48,22647720
11/9/2020 16:00:00,39.66,39.78,36.36,37.14,218362348
11/10/2020 16:00:00,38.32,38.4,36.43,36.64,75988336
11/11/2020 16:00:00,36.83,38.08,35.9,36.47,55959195
11/12/2020 16:00:00,36.26,36.32,35.28,35.57,44422022
11/13/2020 16:00:00,35.88,36.62,35.72,36.59,38254927
11/16/2020 16:00:00,35.87,35.95,34.91,35.36,71660458
11/17/2020 16:00:00,36.49,36.5,35.82,36.04,46984500
11/18/2020 16:00:00,36.93,37.42,36.3,36.32,63442680
11/19/2020 16:00:00,36.6,36.63,35.86,36.19,43261829
11/20/2020 16:00:00,36.7,37.31,36.44,36.7,60633847
11/23/2020 16:00:00,37.03,37.09,36.21,36.52,43673118
11/24/2020 16:00:00,36.13,36.74,36.02,36.6,42485263
11/25/2020 16:00:00,36.53,36.56,36.24,36.53,26955795
11/27/2020 13:00:00,36.78,37.26,36.75,37.23,25276957
11/30/2020 16:00:00,37.95,38.8,37.6,38.31,65425877
12/1/2020 16:00:00,39.4,40.5,39.01,39.41,72660817
12/2/2020 16:00:00,40.47,41.41,40.3,40.8,84347479
12/3/2020 16:00:00,40.98,41.03,39.52,40.09,68570055
12/4/2020 16:00:00,39.89,40.45,39.89,40.34,35368133
12/7/2020 16:00:00,40.66,41.4,40.37,41.25,48253744
12/8/2020 16:00:00,41.4,42.77,41.35,42.56,87039307
12/9/2020 16:00:00,43.07,43.08,41.13,41.85,86118487
12/10/2020 16:00:00,41.82,42.22,41.45,41.73,57749197
12/11/2020 16:00:00,41.97,42.07,40.69,41.12,60737026
12/14/2020 16:00:00,41.62,41.66,39.07,39.21,94809746
12/15/2020 16:00:00,39.06,39.18,38.21,38.71,66003269
12/16/2020 16:00:00,38.18,38.47,37.74,37.84,56515268
12/17/2020 16:00:00,37.83,38.12,37.31,38.03,52036392
12/18/2020 16:00:00,37.99,38.09,37.5,37.68,60259175
12/21/2020 16:00:00,37.28,37.4,36.91,37.38,40891838
12/22/2020 16:00:00,37.21,37.33,36.6,36.74,34103903
12/23/2020 16:00:00,37.01,37.65,36.88,37.44,36181989
12/24/2020 13:00:00,37.4,37.57,37.18,37.27,14790136
12/28/2020 16:00:00,37.36,37.58,36.68,36.82,26993685
12/29/2020 16:00:00,36.9,37.2,36.79,37.05,23152070
12/30/2020 16:00:00,37.03,37.24,36.7,36.74,24889848
12/31/2020 16:00:00,36.66,36.92,36.29,36.81,30796516
1/4/2021 16:00:00,36.87,36.94,36.27,36.81,33565683
1/5/2021 16:00:00,36.72,37.37,36.6,37.19,29909381
1/6/2021 16:00:00,36.83,37.48,36.77,36.87,34962509
1/7/2021 16:00:00,37.04,37.15,36.67,37.06,27809480
1/8/2021 16:00:00,37.16,37.53,36.9,37.13,33462370
1/11/2021 16:00:00,37.22,37.83,37.15,37.77,47326586
1/12/2021 16:00:00,37.7,37.79,36.82,37.18,47831077
1/13/2021 16:00:00,37,37.17,36.64,36.86,31027868
1/14/2021 16:00:00,36.78,36.96,36.61,36.75,30271992
1/15/2021 16:00:00,36.68,36.78,36.4,36.7,34287816
1/19/2021 16:00:00,36.76,37,36.62,36.73,33451275
1/20/2021 16:00:00,36.79,36.81,36.46,36.5,35400057
1/21/2021 16:00:00,36.39,36.59,36.15,36.48,33864105
1/22/2021 16:00:00,36.32,36.83,36.25,36.55,26271163
1/25/2021 16:00:00,36.55,37.29,36.32,37.28,31728455
1/26/2021 16:00:00,37.27,37.6,37.16,37.31,27718696
1/27/2021 16:00:00,36.99,37.04,36.17,36.24,50561180
1/28/2021 16:00:00,35.95,36.33,35.84,35.86,39466710
1/29/2021 16:00:00,36.88,36.88,35.62,35.9,60251859
2/1/2021 16:00:00,35.93,36.19,35.72,35.8,40395805
2/2/2021 16:00:00,35.76,35.78,34.27,34.99,84062442
2/3/2021 16:00:00,34.99,35.29,34.78,34.84,38524232
2/4/2021 16:00:00,34.81,35.08,34.7,34.89,34284903
2/5/2021 16:00:00,34.92,35.08,34.78,34.92,31749594
2/8/2021 16:00:00,34.96,35.01,34.74,34.82,31633900
2/9/2021 16:00:00,34.8,35.06,34.76,34.97,30170176
2/10/2021 16:00:00,35,35.08,34.7,34.74,29039856
2/11/2021 16:00:00,34.8,34.81,34.28,34.43,30885165
2/12/2021 16:00:00,34.44,34.95,34.36,34.72,25578646
2/16/2021 16:00:00,34.85,34.86,34.56,34.69,28730342
2/17/2021 16:00:00,34.57,35,34.46,34.89,26501081
2/18/2021 16:00:00,34.78,34.88,34.52,34.56,24052519
2/19/2021 16:00:00,34.66,34.68,34.4,34.44,28145263
2/22/2021 16:00:00,34.33,34.37,34.04,34.26,34322488
2/23/2021 16:00:00,34,34.19,33.68,33.91,37624172
2/24/2021 16:00:00,33.87,34.05,33.67,33.75,30686122
2/25/2021 16:00:00,33.82,34.11,33.54,33.82,37506087
2/26/2021 16:00:00,33.84,33.9,33.36,33.49,41462750
3/1/2021 16:00:00,33.59,33.93,33.51,33.69,30407772
3/2/2021 16:00:00,33.68,33.89,33.5,33.51,27670392
3/3/2021 16:00:00,33.51,34.45,33.44,34.39,46020164
3/4/2021 16:00:00,34.26,35.09,33.84,34.2,45449559
3/5/2021 16:00:00,34.29,34.55,33.96,34.39,30589931
3/8/2021 16:00:00,34.48,34.87,34.33,34.35,24352299
3/9/2021 16:00:00,34.54,34.85,34.44,34.45,25167096
3/10/2021 16:00:00,34.64,35.14,34.52,34.93,33501784
3/11/2021 16:00:00,35.07,35.12,34.66,34.71,24557862
3/12/2021 16:00:00,34.56,34.98,34.51,34.94,16342437
3/15/2021 16:00:00,35.01,35.43,34.96,35.41,21926053
3/16/2021 16:00:00,35.47,35.86,35.31,35.83,25022393
3/17/2021 16:00:00,35.83,35.96,35.12,35.79,42540082
3/18/2021 16:00:00,35.53,35.97,35.52,35.77,24729765
3/19/2021 16:00:00,35.75,35.82,35.47,35.53,48348878
3/22/2021 16:00:00,35.48,36.01,35.36,36,25427459
3/23/2021 16:00:00,35.82,35.93,35.32,35.36,27970481
3/24/2021 16:00:00,35.48,35.93,35.37,35.61,22883391
3/25/2021 16:00:00,35.65,35.79,35.25,35.67,24875303
3/26/2021 16:00:00,35.68,36.29,35.64,36.25,27944458
3/29/2021 16:00:00,36.03,36.74,35.9,36.62,27004772
3/30/2021 16:00:00,36.59,36.63,36.02,36.11,26303298
3/31/2021 16:00:00,36.15,36.43,36.04,36.23,26582694
4/1/2021 16:00:00,36.3,36.45,36.02,36.3,21319855
4/5/2021 16:00:00,36.44,36.57,36.1,36.28,22096894
4/6/2021 16:00:00,36.26,36.4,36,36.05,20722933
4/7/2021 16:00:00,36.03,36.24,35.76,35.91,21933833
4/8/2021 16:00:00,35.96,36.15,35.87,35.96,18129440
4/9/2021 16:00:00,35.9,36.81,35.9,36.6,31686712
4/12/2021 16:00:00,36.48,37.03,36.33,36.97,29944902
4/13/2021 16:00:00,37.41,37.65,36.89,37.16,33967419
4/14/2021 16:00:00,37.17,37.38,36.96,37.17,23842891
4/15/2021 16:00:00,37.26,37.74,37.26,37.6,24945789
4/16/2021 16:00:00,37.87,38.7,37.81,38.57,52829481
4/19/2021 16:00:00,38.6,38.96,38.33,38.93,30905057
4/20/2021 16:00:00,38.75,39.24,38.75,39.03,26459374
4/21/2021 16:00:00,39.14,39.67,39.13,39.53,29364991
4/22/2021 16:00:00,39.48,39.5,38.52,38.64,33373609
4/23/2021 16:00:00,38.63,38.83,38.43,38.66,24389820
4/26/2021 16:00:00,38.73,38.74,38.49,38.68,19773363
4/27/2021 16:00:00,38.51,38.61,38.35,38.45,19061457
4/28/2021 16:00:00,38.54,38.94,38.52,38.81,21963322
4/29/2021 16:00:00,38.99,39,38.31,38.6,23569405
4/30/2021 16:00:00,38.5,38.9,38.49,38.65,28413183
5/3/2021 16:00:00,39.04,39.84,38.96,39.83,46638581
5/4/2021 16:00:00,40,40.17,39.43,39.95,52802169
5/5/2021 16:00:00,40.18,41.09,38.93,39.97,54348362
5/6/2021 16:00:00,38.48,39.23,37.96,39.19,54944943
5/7/2021 16:00:00,39.05,39.87,39.05,39.58,33807757
5/10/2021 16:00:00,39.83,40.28,39.78,39.86,30831871
5/11/2021 16:00:00,39.68,40.07,39.23,39.35,30568572
5/12/2021 16:00:00,39.44,39.92,39.31,39.69,26208608
5/13/2021 16:00:00,39.5,40.28,39.5,40.1,25423778
5/14/2021 16:00:00,40.24,40.32,39.92,40.02,18041053
5/17/2021 16:00:00,40.07,40.4,40.01,40.11,18095031
5/18/2021 16:00:00,40.18,40.35,39.83,40.05,15805529
5/19/2021 16:00:00,39.9,39.9,39.43,39.83,20209530
5/20/2021 16:00:00,39.73,40.25,39.72,40.12,18621084
5/21/2021 16:00:00,40.21,40.6,39.91,39.95,21144784