Date,SP500,ARKK,BABA,PTON,GM,TACO,AUY,AA,NIO,PFE,XOM,ZNGA
2019-09-27 16:00:00,0.0,-0.00998374738797303,-0.051542857142857224,-0.02018633540372683,-0.00505184791278912,0.007843137254901933,-0.029585798816568087,-0.018103858980466847,-0.1071428571428571,0.012094395280236148,0.0071861349866142454,-0.026666666666666727
2019-10-01 16:00:00,0.0,-0.02308230356726515,-0.01243795969622663,-0.10318725099601589,-0.036552828175026586,-0.01270772238514184,0.028301886792452713,-0.010463378176382654,-0.15384615384615385,-0.014101057579318343,-0.0235094179294717,-0.0068728522336769515
2019-10-02 16:00:00,0.0,-0.015035799522672977,0.0037541628822284068,0.003998223011994595,-0.039601218499030755,-0.025742574257425765,0.024464831804281273,-0.028197381671701827,0.20454545454545459,-0.02056019070321824,-0.026105873821609782,-0.00865051903114189
2019-10-08 16:00:00,-0.05128205128205132,-0.03354746609564607,-0.037963403041824995,-0.012760527435134006,-0.02503597122302148,-0.0010266940451745254,0.035502958579881616,-0.03948051948051956,0.09677419354838701,-0.01119622863877412,-0.019406057042046343,-0.005008347245409106
2019-10-09 16:00:00,0.0,0.014032496307237796,0.0201321558698202,0.034037052994398964,0.007674144037780328,-0.01952723535457357,-0.017142857142857126,-0.004326663061114067,-0.03529411764705881,0.0074493444576877454,0.011094452773613206,0.028523489932885893
2019-10-10 16:00:00,-0.027027027027027084,0.002184996358339575,0.0053271989829892785,-0.03583333333333327,0.015231400117164506,0.0062893081761006275,-0.005813953488372103,0.015209125475285301,-0.06707317073170727,0.0029577048210587265,0.012010676156583688,-0.004893964110929905
2019-10-11 16:00:00,0.0,0.015746124031007724,0.04136809779008854,-0.03241140881590321,0.026255049047893886,-0.0010416666666666075,-0.04385964912280704,0.03156768325307646,0.019607843137254832,0.008846947803007987,0.010695970695970836,0.006557377049180246
2019-10-16 16:00:00,0.0277777777777779,-0.008111239860950192,0.01043984254663699,-0.017910447761193993,0.0107556536127964,0.004255319148936065,0.018749999999999822,-0.01541623843782125,-0.058064516129032295,-0.00433776749566217,-0.017142033995966588,0.001615508885298933
2019-10-17 16:00:00,-0.027027027027027084,0.0018691588785046953,-0.0015243902439024959,0.03603994789405118,-0.012551159618008234,0.009533898305084776,0.030674846625766916,0.05949895615866385,0.0,0.0031948881789136685,-0.0013190678587132743,0.006451612903225712
2019-10-18 16:00:00,0.0,-0.022154850746268773,-0.04365281311846192,-0.014249790444258115,-0.0005526388505110447,-0.01364113326337868,0.0029761904761904656,0.06108374384236437,0.041095890410958846,0.0,-0.0077781039037276845,-0.0016025641025640969
2019-10-21 16:00:00,0.0,0.011447650846649005,0.025956364926388087,-0.05357142857142849,-0.006635333149018541,0.029787234042553123,-0.03857566765578635,-0.049675023212627734,0.11184210526315774,0.0,0.01671350391953852,0.009630818619582593
2019-10-23 16:00:00,0.11111111111111116,-0.004054376341521615,0.0001765848490200561,-0.003780718336483968,0.008262186725420007,0.02124999999999999,0.00920245398773023,0.026531596719729933,-0.03164556962025322,0.009272674587076146,0.009552757273121992,-0.00815660685154973
2019-10-28 16:00:00,0.0,0.025735294117646967,0.025070277092536397,-0.041964285714285565,-0.0027218290691345404,-0.02146464646464641,-0.03561643835616435,0.0237868696479544,-0.019867549668874163,0.014068331897789221,-0.008808664259927768,0.0
2019-11-06 16:00:00,0.25,-0.0037453183520599342,0.01186813186813196,0.012313104661389573,0.004969918911849502,0.02204928664072625,0.014619883040935644,-0.030544488711819473,-0.13247863247863256,0.003379329766263206,-0.02189081953755656,-0.0015873015873015817
2019-11-07 16:00:00,-0.07999999999999996,0.0,0.013575152041702898,0.0,0.0018219677251432032,-0.011421319796954266,-0.057636887608069176,0.0,0.019704433497536922,-0.009542520348021388,0.0212617149251646,0.0
2019-11-08 16:00:00,-0.021739130434782594,0.013931888544891802,0.0026786670952534397,0.021720243266724504,0.004676539360872978,-0.0038510911424903815,0.0,0.028767123287671392,-0.04347826086956519,-0.005383961462170572,-0.03068072866730598,-0.0015898251192368873
2019-11-11 16:00:00,-0.022222222222222254,0.010250817884405627,-0.002404359905962772,0.022108843537415046,0.0012929919834496761,-0.002577319587628857,-0.006116207951070374,-0.01375943186861972,-0.06060606060606055,-0.0031339031339031598,-0.006076020912816116,0.004777070063694211
2019-11-12 16:00:00,0.0,0.007124352331606243,0.0013925338760645278,0.02703826955074895,-0.0033574380165287687,0.021963824289405576,0.027692307692307683,-0.0018001800180017513,0.043010752688172005,0.0008573878250928146,-0.013790162069945988,0.004754358161648264
2019-11-14 16:00:00,-0.022727272727272707,0.00409747681690753,0.0017536168347216385,-0.0019245573518090753,-0.010486689970422125,-0.0012870012870012104,0.017595307917888547,-0.010838831291234752,-0.07894736842105254,-0.0011537352177675153,-0.0043604651162790775,0.0031695721077655836
2019-11-19 16:00:00,-0.04651162790697683,0.022151898734177333,0.003466767780726965,-0.03338842975206613,-0.006553795740032675,-0.03014416775884665,0.008571428571428452,-0.009152215799614671,0.016666666666666607,0.011911514463981865,-0.010215995329830752,0.006389776357827559
2019-11-20 16:00:00,0.0,-0.00041279669762650517,-0.015654520917678827,-0.004787961696306353,-0.030236393622869784,-0.006756756756756799,0.0056657223796034994,-0.00972289742343213,0.005464480874316946,-0.016255605381165883,0.0030964317310528955,-0.01111111111111096
2019-11-21 16:00:00,0.07317073170731714,-0.0057815403675407495,0.013764738140937816,0.02405498281786933,-0.01729024943310653,-0.006802721088435382,-0.016901408450704092,-0.01080019636720675,0.07608695652173902,0.01851851851851838,0.024107011612523932,-0.022471910112359605
2019-11-22 16:00:00,0.09090909090909083,0.005607476635514086,0.010386238234339373,-0.014765100671141007,0.019036631093164003,-0.004109589041095929,-0.005730659025787954,0.02034739454094292,-0.02020202020202022,0.015664335664335782,-0.004306014066312591,0.0
2019-11-25 16:00:00,-0.04166666666666663,0.025815778603882622,0.019648784666452368,0.0514305177111718,0.013586187376167569,0.016506189821182904,-0.011527377521613813,-0.0058365758754862496,0.05670103092783507,0.009088405397961852,-0.0066311085483639065,0.031198686371100237
2019-11-26 16:00:00,-0.0434782608695653,0.0066438494060800934,0.02231556839065374,0.00291545189504383,0.002792516056967065,0.006765899864682012,0.04664723032069973,-0.008806262230919737,0.11219512195121961,-0.010098253275109048,-0.002466985923668563,-0.0031847133757962887
2019-11-27 16:00:00,0.045454545454545414,0.0045999999999999375,0.03143297380585519,0.03875968992248047,0.006404901141743302,0.005376344086021501,-0.02506963788300831,0.016781836130306038,0.07894736842105265,0.009098428453267138,-0.000581902822228586,-0.004792332268370503
2019-12-02 16:00:00,0.06818181818181812,-0.02914931588340275,-0.018449999999999966,0.045699687766108665,-0.0033333333333332993,-0.02937249666221642,0.025139664804469275,-0.0009828009828011242,0.07488986784140961,-0.006029049054535496,0.004256568325260668,-0.008025682182985716
2019-12-04 16:00:00,0.0,0.0020370747606435202,-0.005951770138532542,-0.015531660692950866,0.007599211933577044,-0.01540616246498594,0.002666666666666595,-0.001515917129863431,0.008333333333333304,0.0022191400832178854,0.011343547436653001,0.011382113821138073
2019-12-05 16:00:00,-0.08510638297872342,-0.004675747103069616,0.03231134510168254,-0.050060679611650505,-0.01368715083798866,-0.005689900426742556,0.0026595744680850686,0.005566801619433237,-0.06198347107438018,-0.0027677830058123742,-0.003495994173343231,0.003215434083601254
2019-12-12 16:00:00,0.0,0.008780886256891884,-0.0006841282251758285,-0.03684046206681235,0.024404086265607194,-0.002580645161290307,-0.010781671159029615,0.02953995157384992,0.004424778761062065,0.008285004142501995,0.020011600928074413,0.009771986970684043
2019-12-16 16:00:00,0.0,0.02301425661914447,0.010053194085208217,-0.00602600697748179,0.012903225806451646,-0.01920614596670933,-0.013368983957219305,0.014016433059448996,0.03765690376569042,0.02120627926191121,0.011122345803842304,0.008038585209003246
2019-12-20 16:00:00,-0.04651162790697683,0.0017692156477295828,0.01008899252843487,-0.06075790792358293,-0.00026838432635534204,-0.020278833967046772,-0.03601108033240996,-0.011178388448998544,0.026717557251908275,0.006500541711809138,0.007926214151894984,-0.0031847133757962887
2019-12-23 16:00:00,0.0,0.012362637362637319,0.012155477031802198,-0.025675225075024954,-0.012885906040268402,-0.015523932729624823,0.031609195402298784,0.011775788977861579,-0.0074349442379182396,0.0024219590958021175,0.00500428939090658,0.0031948881789138905
2019-12-27 16:00:00,0.04878048780487809,-0.012169209967162531,-0.004205564285054031,0.0,0.002192982456140413,-0.009162303664921434,-0.012820512820512775,0.0060606060606061,-0.03585657370517925,-0.0016081479496113937,-0.003422215884785307,-0.007936507936507908
2020-01-03 16:00:00,0.0,-0.007326732673267222,-0.012604086090003186,0.02891728312037678,-0.028357410379882375,-0.005018820577164407,-0.007672634271099765,0.0037348272642390157,0.029569892473118253,-0.005393743257820827,-0.008039492242595259,0.01300813008130075
2020-01-07 16:00:00,0.0,0.012272367379255744,0.004569793205317696,0.02184873949579824,-0.019252232142857317,-0.0012531328320802837,0.015503875968992276,0.015238095238095273,-0.11956521739130432,-0.0032582134129784945,-0.008183998871172493,0.03508771929824572
2020-01-08 16:00:00,-0.023255813953488413,0.02248728979272574,0.0017001332536874525,-0.024671052631578982,-0.014224751066856278,-0.0037641154328732496,-0.055979643765903364,-0.040337711069418414,0.04629629629629628,0.007899754835194672,-0.015080381277564392,0.015408320493066174
2020-01-09 16:00:00,0.0,0.0011474469305794432,0.017339449541284413,-0.06003372681281616,0.012409812409812426,0.007556675062972307,-0.016172506738544534,-0.03176930596285443,0.020648967551622377,-0.00432432432432428,0.007655640618229098,0.01669195751138086
2020-01-10 16:00:00,0.0,-0.00725883476599809,0.009243394354766066,0.005023322569070787,-0.01225769669327248,-0.03500000000000003,0.019178082191780854,-0.018172640080767244,0.014450867052023142,0.015472312703582958,-0.008887614678899092,-0.011940298507462699
2020-01-13 16:00:00,0.0,0.02058880123147966,0.029710047804136996,0.0185647982863264,0.00952380952380949,-0.03756476683937826,-0.034946236559139865,0.00822622107969151,0.054131054131054235,-0.0021384656508954825,0.00954584900202482,0.0226586102719033
2020-01-14 16:00:00,0.023809523809523725,0.004147812971342368,-0.017311697327316855,0.04065895548545395,0.004859919954259606,0.0349932705248992,0.025069637883008422,0.0387557368689444,0.01621621621621605,0.016876506830967086,-0.00859598853868182,0.0
2020-01-16 16:00:00,0.06976744186046524,0.010855324723937798,-0.004976450724251347,-0.0009721322099806029,0.011379800853485111,-0.0012499999999999734,-0.023560209424083767,-0.11892963330029727,0.018648018648018683,-0.0015572281339216731,-0.0039079461571864815,-0.00583941605839422
2020-01-21 16:00:00,0.09090909090909083,-0.0014905906465436658,-0.02273226926966543,0.009463722397476282,-0.017134831460674183,-0.007444168734491385,0.0380434782608694,-0.03222159412097236,0.10706638115631684,-0.004168837936425307,-0.014294049008168108,-0.005997001499250421
2020-01-22 16:00:00,0.14583333333333348,0.004665049449524172,0.0004949158643030582,-0.04125000000000001,-0.002286367533581135,-0.028750000000000053,0.015706806282722585,-0.030957943925233655,-0.07350096711798837,-0.003924646781789609,-0.005770938147380944,-0.016591251885369585
2020-01-23 16:00:00,-0.054545454545454564,-0.0007429420505201678,-0.014570310743355686,-0.020208604954367715,-0.0008593526210253222,0.007722007722007707,0.01804123711340222,-0.018083182640144746,0.02713987473903967,0.013133701076963433,-0.006250930197946203,-0.019938650306748462
2020-01-24 16:00:00,0.0,-0.018587360594795488,-0.024551636015150757,0.014637391882900808,-0.01634174311926606,-0.020434227330779042,0.02784810126582271,-0.047882136279926324,-0.05284552845528456,-0.022037853253824236,-0.006739553691777811,-0.04538341158059467
2020-01-27 16:00:00,-0.019230769230769273,-0.0179924242424242,-0.03873684210526318,0.024590163934426146,-0.02623141941125051,0.01303780964797907,0.0049261083743843415,-0.04126370083816899,-0.13948497854077258,0.008483563096500557,-0.02382388419782866,-0.02786885245901638
2020-01-28 16:00:00,-0.019607843137254943,0.018707810993249696,0.023166398987686687,0.0041599999999999415,0.006884166417240545,0.009009009009009139,-0.04656862745098034,-0.010759919300605159,0.04987531172069826,-0.05021030494216605,-0.0013901760889710735,0.02360876897133224
2020-01-29 16:00:00,0.020000000000000018,0.0005679666792881566,0.008514484136422196,0.003824091778202643,-0.0011890606420926764,-0.010204081632653073,0.023136246786632286,-0.014276002719238678,0.014251781472683911,-0.014669249930805428,-0.008352668213457148,-0.0016474464579901982
2020-01-31 16:00:00,0.0,-0.021718602455146452,-0.009540703806692918,0.0030998140111593298,0.0018001800180018623,-0.014379084967320321,0.03826530612244916,-0.023792862141357562,-0.07352941176470595,0.004555808656036442,-0.04121006328137067,-0.009868421052631637
2020-02-03 16:00:00,0.019607843137254832,0.04169884169884175,0.0315116898204173,0.03121137206427682,0.009883198562443685,-0.003978779840848823,-0.012285012285012442,0.02078853046594986,0.07407407407407396,0.007086167800453458,-0.022376046361880286,-0.009966777408637828
2020-02-04 16:00:00,-0.05769230769230771,0.0437361008154189,0.0458939465039887,0.0029967036260114543,0.019276393831553884,0.0,-0.02487562189054715,0.032303370786516794,0.11083743842364546,0.0050661412890515845,-0.012514408035567248,0.020134228187919545
2020-02-05 16:00:00,-0.04081632653061229,-0.014204545454545414,-0.011934673366834181,-0.02300567672542564,0.01920279313354678,0.030625832223701854,0.0,0.07551020408163267,-0.026607538802660757,0.01260151218146155,0.04602301150575294,-0.024671052631578982
2020-02-07 16:00:00,0.02127659574468077,-0.005875022253872153,-0.019782707107288355,-0.03931034482758622,-0.020390329158170628,-0.014416775884665833,-0.030303030303030276,-0.023241206030150674,-0.06617647058823528,-0.0055172413793104225,-0.0066257272139625956,-0.00894187779433675
2020-02-10 16:00:00,0.0,0.018803724928366794,-0.003509906248556738,0.026561378320172357,0.018435920309247678,0.005319148936170137,0.02083333333333326,-0.00836012861736335,0.015748031496062964,-0.006380027739250949,-0.024564828371563374,0.021052631578947212
2020-02-11 16:00:00,0.0,0.015820003515556236,0.006673772999026717,0.0017482517482516613,0.022189781021897836,0.019841269841269993,0.0025510204081633514,0.02075226977950706,0.023255813953488413,0.007258514796203208,0.009506337558372158,-0.007363770250368162
2020-02-12 16:00:00,0.14583333333333348,0.009344177193286063,0.03268726117582066,-0.010820244328097695,0.01371036846615259,0.0077821011673151474,-0.020356234096692183,0.0012706480304955914,0.0277777777777779,-0.009146341463414642,0.012225342805220585,0.0014836795252224366
2020-02-13 16:00:00,0.19999999999999996,0.007371849819989729,-0.01760955820070431,0.01799576570218786,-0.005635390250774974,-0.002574002574002532,0.03896103896103886,-0.0006345177664974777,-0.009828009828009798,-0.021258741258741165,-0.005549208421739893,0.0251851851851852
2020-02-14 16:00:00,0.015151515151515138,-0.0011912865895167268,-0.0033127609366492283,-0.04124783362218376,-0.015018418815528456,-0.010322580645161339,0.02499999999999991,-0.005079365079365128,-0.06451612903225812,-0.01143183766790512,-0.004595437387165613,0.0014450867052022698
2020-02-18 16:00:00,-0.02985074626865669,0.008008178565343416,0.004052269726358082,-0.020968908170643563,-0.010069044879171485,-0.014341590612777066,0.06585365853658542,0.019783024888321732,0.007957559681697646,-0.005203816131830186,-0.012695795548227418,0.023088023088023046
2020-02-19 16:00:00,0.06153846153846132,0.020453008789722782,0.007346272446943525,0.0007385524372232055,0.014821272885789272,0.02777777777777768,0.011441647597253857,0.04505632040050056,0.0736842105263158,-0.0026155187445509043,0.007682030728122902,0.0
2020-02-20 16:00:00,0.0,-0.007950969024349774,-0.01845682902673984,-0.0044280442804428555,0.0105956471935853,0.0038610038610038533,0.002262443438914019,-0.03592814371257469,0.04411764705882337,-0.010489510489510523,-0.007954922108054374,0.012693935119887145
2020-02-21 16:00:00,0.1304347826086958,-0.021372516279846376,-0.02499541368556224,-0.05522609340252049,-0.018135449135732506,-0.012820512820512775,0.05191873589164797,0.0,-0.04225352112676051,-0.0035335689045935537,-0.012195121951219412,-0.0069637883008356605
2020-02-24 16:00:00,0.0,-0.04419041119262923,-0.03024601345312572,0.039623381718320916,-0.04502164502164485,-0.036363636363636376,-0.006437768240343367,-0.04596273291925479,-0.0490196078431373,-0.029550827423167836,-0.0468459326906816,-0.015427769985974837
2020-02-25 16:00:00,-0.05128205128205132,-0.03427347375937173,-0.0026678308110205107,0.02301886792452823,-0.040495618011483936,-0.03369272237196763,-0.04751619870410362,-0.05598958333333326,0.13402061855670122,-0.021315468940316773,-0.03832505322924051,-0.004273504273504147
2020-02-26 16:00:00,0.013513513513513598,-0.010351201478743133,0.015222994990516048,0.07672445592032462,0.007874015748031482,-0.06136680613668055,0.013605442176870763,-0.026206896551724146,-0.01363636363636378,0.023335407591785984,-0.021955719557195663,-0.015736766809728242
2020-02-27 16:00:00,-0.013333333333333308,-0.034180052297347774,-0.01777330650570086,-0.016101404590613266,-0.04031249999999997,-0.034175334323922835,-0.09395973154362414,-0.04674220963172793,-0.04608294930875578,-0.01793858315597452,-0.06017732503301265,-0.018895348837209336
2020-02-28 16:00:00,0.0,0.02185263972152396,0.014485685021704109,-0.07068245125348183,-0.006838163464669478,-0.01538461538461533,-0.05679012345679013,0.03046062407132233,-0.0024154589371979673,-0.01981424148606803,0.03251706142111588,-0.00592592592592589
2020-03-02 16:00:00,-0.04054054054054057,0.02346707040121121,0.01432692307692296,0.04608467590858001,0.030163934426229666,-0.02187500000000009,0.041884816753926746,-0.010093727469358216,-0.004842615012106477,0.04358812381554,0.04743390357698307,0.03874813710879277
2020-03-03 16:00:00,0.05633802816901423,-0.020155325443786953,-0.016921035169210286,-0.04405444126074498,-0.028644175684277573,-0.04952076677316286,0.05527638190954787,-0.057538237436270956,-0.012165450121654708,-0.016646489104116147,-0.047884187082405494,-0.012912482065997155
2020-03-04 16:00:00,0.01333333333333342,0.033968673334591415,0.021937225784677716,0.020981641064068857,0.03309305373525562,0.01680672268907557,0.004761904761904745,-0.004636785162287382,-0.046798029556650134,0.061249615266235624,0.02183235867446398,0.05087209302325579
2020-03-06 16:00:00,-0.013157894736842146,-0.026163333956269796,-0.03225196254610807,-0.07822878228782293,-0.04684385382059797,-0.019855595667870096,-0.02298850574712641,-0.07401177460050468,-0.045698924731182866,-0.012206013694552098,-0.04829375374176814,-0.02351313969571245
2020-03-09 16:00:00,-0.08000000000000007,-0.08309345615045094,-0.03410867865519929,-0.0708566853482786,-0.13942140118508195,-0.10313075506445668,-0.07999999999999996,-0.21071752951861944,-0.07323943661971821,-0.03616636528028927,-0.12224785070245336,-0.07507082152974498
2020-03-10 16:00:00,-0.014492753623188248,0.04750941816659693,0.044166750986542436,-0.010340370529944076,0.09842041312272176,0.08624229979466125,0.028132992327365658,0.06559263521288838,0.06382978723404253,0.024702939337085672,0.03702818920210227,0.04594180704441042
2020-03-11 16:00:00,-0.02941176470588236,-0.0621378621378621,-0.03624206599156932,-0.042228994340444026,-0.041297935103244865,-0.10396975425330812,-0.09950248756218893,-0.006479481641468721,-0.05142857142857149,-0.06988098870918535,-0.03294171849804195,-0.020497803806734938
2020-03-12 16:00:00,-0.2272727272727273,-0.125905411163187,-0.06942838469659651,-0.11318181818181816,-0.11384615384615393,-0.18776371308016881,-0.12983425414364647,-0.18369565217391304,-0.05722891566265054,-0.06692913385826771,-0.11434016198189612,-0.09715994020926766
2020-03-13 16:00:00,0.03921568627450989,0.04557640750670244,0.04808211777417615,0.010763710917478075,0.07248263888888906,0.033766233766233666,-0.13968253968253963,0.06524633821571246,-0.006389776357827448,0.08966244725738393,0.0252824098977944,0.08443708609271527
2020-03-16 16:00:00,-0.24528301886792447,-0.15571095571095572,-0.0780927835051547,0.1282961460446248,-0.15014164305949007,-0.34170854271356776,0.09225092250922518,-0.14749999999999996,-0.054662379421221874,-0.07744433688286545,-0.09522560335781727,-0.1038167938931297
2020-03-17 16:00:00,0.02499999999999991,0.05549420209828826,0.03332401453732192,0.14382022471910116,-0.0323809523809524,-0.026717557251908497,0.18243243243243246,0.02639296187683282,-0.013605442176870763,0.06575725778244146,0.06726587416642515,0.03407155025553665
2020-03-18 16:00:00,-0.024390243902438935,-0.09259743656814023,-0.026026730155294664,0.013359528487229877,-0.17322834645669294,-0.0039215686274508554,-0.15714285714285714,-0.1785714285714286,-0.16206896551724126,0.006235641614703136,-0.10024449877750619,0.021416803953871577
2020-03-19 16:00:00,-0.050000000000000044,0.08993946382242735,0.004888888888888943,-0.031019775106630454,0.054166666666666696,0.06299212598425208,-0.0474576271186441,0.013913043478260834,-0.020576131687242927,-0.060013046314416174,0.03955314009661848,0.02580645161290329
2020-03-23 16:00:00,-0.052631578947368474,0.013210039630118908,-0.027357970215113103,0.014341590612777066,-0.029768467475192906,0.2595419847328244,0.08949416342412442,0.034671532846715314,-0.012499999999999956,-0.017831149927219903,-0.039401343921808274,0.05387205387205385
2020-03-24 16:00:00,-0.2222222222222221,0.09908735332464147,0.05336282182148122,0.0526992287917738,0.199431818181818,0.11818181818181817,0.14285714285714302,0.2821869488536155,0.09704641350210963,0.04260837347165625,0.12686804451510336,0.019169329073482455
2020-03-25 16:00:00,-0.07142857142857151,0.03890865954922895,0.015127860026918016,-0.0020350020350020648,0.018000947418285174,0.02981029810298108,0.02499999999999991,-0.024759284731774356,0.06153846153846132,0.001421464108031234,0.052200902934537385,-0.026645768025078342
2020-03-26 16:00:00,0.03846153846153855,0.049783055492121475,0.03585065761561301,0.05016313213703105,0.04979060027919968,0.10526315789473695,-0.0060975609756097615,-0.035260930888575515,0.061594202898550776,0.06742370475514536,0.04102976669348357,0.08534621578099832
2020-03-27 16:00:00,0.03703703703703698,-0.048074831411790364,-0.034456276878967795,0.008932038834951417,-0.052304964539007126,-0.13809523809523816,-0.08895705521472386,-0.042397660818713434,-0.03071672354948818,-0.026928191489361653,-0.048171045852653194,-0.005934718100890191
2020-03-30 16:00:00,-0.1071428571428572,0.019195612431444298,0.014210721671350512,0.06620477290223237,-0.002806361085126219,-0.04972375690607744,-0.05723905723905731,-0.07328244274809148,-0.04577464788732388,0.057396651861974624,0.014884979702300294,0.023880597014925398
2020-03-31 16:00:00,0.1200000000000001,-0.013452914798206317,0.01678255868667322,-0.041516245487364545,-0.025328330206378924,-0.0029069767441859407,-0.017857142857142794,0.014827018121911006,0.025830258302582898,-0.0009693053311792266,0.012533333333333285,-0.001457725947521915
2020-04-01 16:00:00,-0.07142857142857151,-0.08545454545454545,-0.035582064993829654,0.05310734463276834,-0.07314725697786328,-0.06997084548104959,0.06909090909090909,0.014610389610389518,-0.046762589928057485,-0.027166882276843607,-0.011588095865156633,-0.0131386861313868
2020-04-02 16:00:00,0.0,0.006212723658051589,0.007144380464917832,-0.04363376251788276,-0.05555555555555558,-0.01567398119122254,0.03741496598639449,-0.027200000000000002,-0.09811320754716979,0.035239361702127825,0.07647215560884613,-0.01183431952662728
2020-04-03 16:00:00,0.3076923076923077,-0.0071622622869844665,-0.009475913181577478,0.07516828721017199,-0.008246289169873688,0.0,0.009836065573770592,-0.018092105263157965,0.004184100418409997,0.02344251766217087,-0.02945544554455437,-0.005988023952095856
2020-04-07 16:00:00,-0.08823529411764708,0.0009053870529651675,0.007890048358361046,-0.027846316531547455,0.08951406649616378,0.0,0.024390243902439046,0.07328244274809159,0.09311740890688247,-0.02778625954198477,0.019026439337781254,-0.03671071953010274
2020-04-08 16:00:00,0.09677419354838723,0.04047942107643587,-0.010202020202020212,-0.0029006526468454696,0.08591549295774636,0.21165644171779152,0.005952380952380931,0.03271692745376953,0.014814814814814836,0.029522613065326775,0.06328806983511148,0.0335365853658538
2020-04-09 16:00:00,0.02941176470588225,0.027820039121930096,0.001989998979487817,0.034545454545454435,0.04020752269779515,0.10632911392405053,0.10059171597633143,0.02066115702479343,-0.025547445255474588,0.02287980475899931,-0.01641961231470923,0.019174041297935096
2020-04-13 16:00:00,-0.02857142857142847,0.011841827024740903,0.0156337526098691,0.12442882249560627,-0.043640897755610863,-0.022883295194508158,0.11827956989247301,0.018893387314439902,0.1123595505617978,-0.007157769161944549,-0.008578715511245227,0.02026049204052094
2020-04-15 16:00:00,0.02941176470588225,-0.016276300119094866,0.016554351010840795,0.11700125470514422,-0.05744125326370764,-0.032786885245901565,-0.007159904534606243,-0.059585492227979264,0.06312292358803995,-0.01274623406720754,-0.045958048550553965,0.03185595567867039
2020-04-17 16:00:00,0.028571428571428692,0.03280632411067197,-0.014859399981190569,-0.0786795048143053,0.07714422616195482,0.11483253588516762,-0.022935779816513846,0.09051724137931028,-0.012307692307692353,0.028832009414533566,0.10395913154533853,-0.002580645161290307
2020-04-20 16:00:00,0.05555555555555558,0.010332950631458004,0.012553699284009623,-0.072260376231711,-0.004448398576512469,-0.03433476394849788,0.030516431924882514,-0.01844532279314881,-0.006230529595015577,-0.022590792107520685,-0.047200370198981934,-0.011642949547218673
2020-04-21 16:00:00,-0.052631578947368474,-0.04147727272727264,-0.022580493093857457,0.010299324106855412,-0.05093833780160861,-0.008888888888888946,-0.006833712984054552,-0.01744966442953022,-0.053291536050156685,-0.01287302516091271,-0.005342399222923677,-0.017015706806282727
2020-04-23 16:00:00,0.0,-0.007821442197634587,-0.022480472470946866,-0.04137267479153306,0.01032863849765242,0.03603603603603589,0.015053763440860068,-0.03443708609271523,-0.009708737864077555,0.012230634828188647,0.031331592689294974,-0.004010695187165791
2020-04-24 16:00:00,0.0,0.020188425302826385,-0.004287663223543126,0.06189360990297743,0.019981412639405116,0.006521739130434856,0.008474576271186418,-0.019204389574759895,-0.03921568627450989,0.018699654775604202,0.006444188722669608,0.02281879194630876
2020-04-27 16:00:00,0.0,0.04862419901997739,-0.0032785280876884704,0.001260239445494804,0.02277904328018221,0.06479481641468676,0.0021008403361344463,0.03076923076923066,0.10204081632653073,0.025416548997458488,0.0048021952892751685,0.015748031496062964
2020-04-28 16:00:00,0.0,-0.02857656362329264,-0.012469929795277057,-0.05601006922592833,-0.012026726057906445,0.12170385395537542,-0.0062893081761005165,0.06377204884667576,0.030864197530864113,-0.01101624896722686,0.023441055985434778,-0.03229974160206717
2020-04-29 16:00:00,0.08333333333333348,0.047733580018501476,0.02759134973900057,0.06299999999999994,0.07213706041478818,0.08499095840867987,0.014767932489451407,0.10586734693877542,0.08083832335329344,0.00556947925368978,0.05537024683122094,0.012016021361815676
2020-05-01 16:00:00,-0.07692307692307698,-0.05331646484727992,-0.04041051956382291,0.0174603174603174,-0.06235980260206375,-0.09693877551020413,0.040598290598290676,-0.05644171779141105,-0.0674486803519061,-0.018712162905889063,-0.07165913492575848,-0.038461538461538436
2020-05-04 16:00:00,0.08333333333333348,0.03684612447499047,-0.017122583299053806,0.057722308892355745,-0.0071770334928229484,-0.015065913370997941,0.004106776180698102,0.014304291287386084,0.05031446540880502,-0.0005608524957935179,0.04033379694019468,0.030344827586206824
2020-05-06 16:00:00,-0.07692307692307698,0.004903741373047499,0.000769151881858221,0.04997239094422978,0.029633113828786417,0.005725190839694472,-0.012170385395537497,-0.012804097311139517,0.10365853658536595,0.0,-0.018737452598706184,0.04330708661417315
2020-05-07 16:00:00,0.05555555555555558,0.02295318995120188,0.0067633345288724556,0.16013673415724416,0.025125628140703515,0.04933586337760931,0.04106776180698146,-0.02853437094682232,0.0027624309392264568,-0.04029605263157887,0.005683109797681274,-0.038993710691824
2020-05-12 16:00:00,-0.052631578947368474,-0.025469168900804307,-0.024780915287244465,0.07873831775700957,-0.010526315789473717,0.027826086956521667,0.0019723865877712132,-0.061776061776061764,-0.03208556149732622,-0.019395954558049433,-0.03541757761259301,-0.026448362720402963
2020-05-13 16:00:00,-0.02777777777777779,-0.03146492434662995,-0.004243422694823029,-0.021659085986571402,-0.04875886524822681,-0.04230118443316411,0.0,-0.04252400548696844,-0.04972375690607744,-0.008194405199208776,-0.04963735267452396,-0.005174644243208237
2020-05-14 16:00:00,-0.08571428571428563,-0.0014202023788389972,0.00922490724957381,-0.001328315253486867,0.03960857409133256,-0.007067137809187329,0.015748031496062964,-0.024355300859598916,0.0029069767441860517,0.023361823361823353,0.008824230860958737,0.024707412223667014
2020-05-20 16:00:00,0.0625,0.03343363423604151,-0.0018876611418047196,0.006919642857142971,0.031996759821790066,0.07388316151202745,0.005484460694698434,0.07881136950904377,-0.05691056910569103,-0.001400560224089742,0.03254437869822491,0.012437810945273853
2020-05-21 16:00:00,0.0,0.0025881591717891173,-0.021357073665759452,0.0042119264021280856,0.012558869701726927,-0.015999999999999903,-0.038181818181818206,-0.008383233532934131,-0.04310344827586199,-0.009817671809256745,-0.017853206964954738,0.0
2020-05-22 16:00:00,-0.05882352941176472,0.012584704743465736,-0.0587292609351433,0.011258278145695577,0.006976744186046435,-0.004878048780487809,-0.007561436672967825,-0.008454106280193052,-0.018018018018018056,0.006515580736544013,0.0008976660682225024,0.029484029484029506
2020-05-26 16:00:00,0.0,0.0022307202039515417,0.010115172759138868,-0.08971840209561233,0.054657428791377916,0.042483660130719025,-0.028571428571428692,0.06699147381242376,0.16819571865443428,-0.00028145229383613746,0.02937219730941698,-0.03460620525059677
2020-05-27 16:00:00,-0.02941176470588236,-0.006200317965023849,-0.0026769779892920065,-0.015107913669064832,0.014233576642335821,-0.0031347962382444194,-0.0117647058823529,0.11415525114155245,0.09162303664921478,-0.0022522522522524513,0.0071879764757134534,-0.012360939431396711
2020-05-29 16:00:00,0.0,0.017327935222672064,0.03960098250538868,-0.009856841117108717,-0.02998500749625188,-0.031746031746031744,0.046875,-0.028481012658227778,0.039164490861618884,0.0002764722145423004,0.009547069271758524,0.13382899628252787
2020-06-01 16:00:00,0.0,0.03151862464183375,-0.003953903274024784,0.08675041479023471,0.04095826893353949,0.03934426229508192,0.014925373134328401,0.030401737242128135,0.07035175879396971,-0.0715865118850193,0.017813943259291865,0.05573770491803276
2020-06-02 16:00:00,0.0,0.012345679012345734,0.03756595827080411,0.06892039258451454,0.017446176688938442,0.10094637223974767,-0.040441176470588314,0.0453108535300315,0.10328638497652598,0.019946412622804166,0.022255834053586776,-0.007246376811594235
2020-06-03 16:00:00,0.18181818181818188,0.004115853658536839,0.019969206364018,-0.024076719036931205,0.060561838744983554,0.004297994269340855,-0.026819923371647403,0.08568548387096775,0.1914893617021276,0.0,0.040794757979285556,-0.03128258602711165
2020-06-04 16:00:00,0.15384615384615374,-0.02914832245331711,-0.002607383010841291,0.0010453690152625317,0.003095975232198178,0.014265335235378096,0.007874015748031482,0.0807799442896937,0.06607142857142856,-0.004378283712784592,-0.0028432168968318683,-0.025834230355220478
2020-06-05 16:00:00,-0.06666666666666676,0.004691164972634887,0.0069253348009541416,-0.0413533834586467,0.049725651577503305,0.06329113924050622,-0.01953125000000011,0.036941580756013614,-0.06365159128978226,-0.0005863383172088898,0.08105906313645606,-0.008839779005524906
2020-06-08 16:00:00,0.09523809523809534,0.017431906614786108,-0.0025051241175131356,-0.02440087145969494,0.0022868343678537073,-0.003968253968253843,0.013944223107569709,0.07539353769676893,0.06797853309481217,0.01672044587855659,0.031273549359457586,0.02006688963210701
2020-06-09 16:00:00,0.08695652173913038,0.0036714089031664177,0.007853881278538699,0.06386779812416266,-0.02672750977835725,-0.018592297476759723,0.009823182711198308,-0.03004622496147924,0.11892797319933002,-0.010386612810155738,-0.022287175739861165,0.006557377049180468
2020-06-10 16:00:00,0.0,0.013717421124828544,0.013410656034795299,-0.011125104953820353,-0.037173476222370994,-0.10960757780784836,0.04280155642023353,-0.03335980937251781,-0.05688622754491013,-0.007871720116617964,-0.05362481315396117,0.013029315960912058
2020-06-11 16:00:00,0.0,-0.07427454518117582,-0.0377324749642346,-0.023986414773933373,-0.07826086956521738,-0.07750759878419444,-0.08022388059701502,-0.14379622021364014,-0.06190476190476191,-0.07287687334704673,-0.08825271470878582,-0.016077170418006492
2020-06-12 16:00:00,0.0,0.01380542471983115,0.011150343802267093,0.024358416702914498,0.05509433962264154,0.04283360790774293,-0.0040567951318457585,0.10652591170825332,0.032148900169204575,0.013312202852614918,0.021437851883932435,-0.007625272331154731
2020-06-15 16:00:00,0.0,0.03556552387055434,-0.0028027936041168378,0.0602972399150743,-0.006795422031473541,0.0031595576619272148,0.020366598778003953,-0.010407632263659927,0.11967213114754105,-0.011573350015639527,-0.0006359974560101733,-0.001097694840834218
2020-06-16 16:00:00,0.0,0.03171410891089099,0.02575680781458778,-0.0006007208650380402,0.0003601008282319018,-0.007874015748031482,-0.03393213572854292,0.0122699386503069,0.02342606149341142,0.0012658227848101333,0.02248621128553241,-0.005494505494505364
2020-06-17 16:00:00,0.0,-0.002849002849002802,0.00732189381007986,-0.014826688038469094,-0.022318214542836556,-0.023809523809523725,0.010330578512396604,0.0,-0.02145922746781126,0.004740834386852022,-0.03257261410788381,0.030939226519336893
2020-06-18 16:00:00,0.0,0.01699248120300756,-0.0031661092530658186,0.03884482407972323,-0.002577319587628857,-0.001626016260162677,-0.014314928425357754,0.008658008658008587,0.04970760233918137,-0.00943692985215483,0.006219172206733736,-0.011789924973204635
2020-06-22 16:00:00,-0.06000000000000005,0.0479200352785536,0.0034898477157361274,0.042051483592061345,-0.008273787138021738,-0.01803278688524579,0.0377733598409542,0.030487804878048808,0.012261580381471404,-0.009159823120656996,0.009569377990430672,0.016146393972013007
2020-06-23 16:00:00,0.0,0.015570206200028025,0.03315116751727576,0.03488591363379223,-0.004550625711035261,0.026711185308848195,0.00766283524904221,0.03127641589180041,-0.026917900403768402,-0.01051960471788338,0.006031882809133915,0.013771186440677985
2020-06-24 16:00:00,0.0,-0.04281767955801119,-0.011060109289617537,0.012208454810495484,-0.03695238095238096,-0.006504065040650375,-0.026615969581748944,-0.08688524590163926,-0.051175656984785656,-0.0177190721649485,-0.047109207708779466,-0.00940438871473348
2020-06-26 16:00:00,-0.04255319148936165,-0.022810994616038527,-0.029033129276197278,0.006372717878057044,-0.030519223147047136,0.010256410256410442,0.007736943907156624,-0.07607776838546076,-0.025423728813559254,-0.008817766165904573,-0.03431481071507647,-0.003121748178980144
2020-06-30 16:00:00,0.11111111111111116,0.028114186851211143,0.0031624965119523285,0.009788498514245791,0.0,-0.026272577996716007,0.03409090909090895,0.022747952684258443,0.06777316735822958,0.0019404915912031306,0.00902527075812265,-0.0020920502092051096
2020-07-02 16:00:00,0.1399999999999999,0.01959183673469389,0.035424866867330485,-0.018091286307054033,0.011217948717948678,-0.004893964110929905,-0.005576208178438735,0.0018264840182649067,0.18584070796460184,0.022841051314142602,0.00846488217799135,-0.023565573770491843
2020-07-06 16:00:00,-0.0350877192982455,0.03749666399786489,0.07334525939177095,0.022312373225152227,0.019413629160063506,0.0,0.0,0.04557885141294449,0.22707889125799552,0.0,0.007032667876588183,0.019937040923399874
2020-07-07 16:00:00,-0.036363636363636376,0.014019292604501743,-0.014541666666666675,0.00562169312169325,-0.02331908278274397,0.003278688524590345,0.033644859813084294,-0.02092414995640801,0.1485664639443962,-0.013765677577240565,-0.025906735751295318,0.017489711934156382
2020-07-09 16:00:00,-0.15094339622641506,0.004459861248761188,0.015135051226327079,0.0315099168266153,-0.060946271050521195,-0.030254777070063743,0.0053956834532373765,-0.05139765554553655,0.1312111801242235,-0.008445417578980319,-0.04126101066295784,0.018536585365853675
2020-07-13 16:00:00,0.1777777777777778,-0.03399678575843734,-0.03578406957587832,-0.10062801226814666,0.01927019270192698,0.03554119547657497,-0.041742286751361046,0.00876424189307623,-0.07610146862483314,0.040873634945397974,0.00023446658851100644,-0.06069364161849722
2020-07-14 16:00:00,-0.018867924528301883,0.008702329152802557,-0.012277983073071819,0.022247482949009578,0.03137570394207567,0.01716068642745694,0.04734848484848486,0.09556907037358808,0.018063583815028927,0.0002997601918464099,0.03305203938115331,0.007179487179487243
2020-07-15 16:00:00,0.0,0.026769855366658435,0.0025343953656771223,0.002859412231930092,0.04836193447737913,0.07055214723926384,0.001808318264014508,0.006344171292624878,-0.04045422285308731,0.014084507042253724,0.012707056954844642,-0.035641547861507084
2020-07-16 16:00:00,0.0,-0.014456938094649763,-0.026925083263111493,-0.029146206241089878,-0.0011160714285712858,-0.004297994269340966,-0.023465703971119134,0.06304176516942483,-0.04289940828402372,-0.003250591016548676,-0.007842258570468275,-0.004223864836325308
2020-07-22 16:00:00,-0.019230769230769273,0.00012118274357741932,-0.024040325707638588,0.020038167938931206,0.005736137667304186,0.027417027417027562,0.011844331641285955,-0.006838905775075954,-0.03881987577639756,0.05092059838895291,-0.023292273236282135,0.007186858316221789
2020-07-28 16:00:00,0.0,-0.03196291326094913,-0.007215179781551506,0.006752512562814061,0.024513618677042714,0.016260162601626105,-0.004538577912254205,-0.024924471299093698,0.04961505560307966,0.03937007874015741,-0.01179941002949858,-0.02366255144032925
2020-07-30 16:00:00,-0.07843137254901966,0.004121393780442295,0.0011487423252130036,-0.02055513878469628,-0.02665121668597914,-0.018893387314440013,-0.043609022556390986,0.0,-0.03937007874015752,-0.01317558483463288,-0.049057460822166776,0.002063983488132193
2020-07-31 16:00:00,0.17021276595744705,-0.0003731343283581712,-0.006805412677059475,0.04503676470588225,-0.012301587301587258,0.05226960110041268,0.023584905660377187,-0.01365705614567525,-0.021311475409836023,-0.006811989100817484,0.005015524241700486,0.012358393408856694
2020-08-04 16:00:00,-0.09090909090909094,0.006214149139579295,0.01651546871365439,-0.036736378646120005,0.006240249609984483,0.03703703703703698,0.041860465116279055,-0.0007309941520468044,0.002941176470588225,0.0011010184420587876,0.028875739644970366,0.004930966469427922
2020-08-05 16:00:00,-0.020000000000000018,0.016745843230403734,0.010335621662852956,0.017140408513069305,0.020542635658914676,-0.021164021164021052,0.016369047619047672,0.0738844184345282,0.02052785923753664,0.0013747594171020783,0.008741660915573934,-0.011776251226692791
2020-08-11 16:00:00,0.020408163265306145,-0.022642865700251646,0.0011687421915931306,-0.03218116805721116,0.019299499642601914,0.048128342245989275,-0.09937888198757772,-0.0436737315350032,-0.08585503166783959,-0.015672257354962915,0.010334756234554154,-0.04857444561774027
2020-08-13 16:00:00,-0.020000000000000018,0.021560452650387196,-0.005760413809318576,0.020975761342448607,-0.017124509454156223,0.11369193154034218,0.03460207612456756,-0.03208556149732622,0.0,-0.004131093362710114,-0.024495350419596384,0.015367727771679496
2020-08-14 16:00:00,0.12244897959183687,-0.012126865671641895,0.0009853381680593465,-0.02084918581646611,0.011252268602540694,-0.04390779363336972,-0.018394648829431537,0.011049723756906049,-0.019461077844311392,-0.0027654867256635685,0.004417577307602949,0.014054054054054133
2020-08-18 16:00:00,0.0,0.010841036174825902,0.008717310087173136,0.06987434875881071,-0.005664778407197701,-0.00464576074332157,-0.007923930269413626,0.017931034482758568,0.017793594306049876,0.00027525461051491895,-0.004924953095684859,0.0064102564102563875
2020-08-19 16:00:00,-0.054545454545454564,0.003160984420862434,0.005362654320987703,-0.03193927241478067,-0.020777479892761463,-0.018669778296382722,-0.036741214057507965,0.037262872628726296,-0.016783216783216814,-0.002476609796367768,-0.011077068112184785,-0.010615711252653925
2020-08-20 16:00:00,0.0769230769230771,0.006977267611973925,-0.01005410798572448,0.0167184494747743,-0.013347022587269053,-0.0023781212841854638,0.018242122719734466,-0.007838014369693114,-0.019914651493598945,0.011862068965517336,-0.015252621544327938,0.011802575107296098
2020-08-24 16:00:00,-0.1071428571428572,-0.015251029722809784,0.038449962377727465,-0.03576063446286937,0.06127450980392157,0.05184331797235031,-0.010033444816053616,0.03561643835616435,0.06019830028328621,-0.0010860711376594612,0.029504998780785163,-0.009667024704618665
2020-08-26 16:00:00,0.040000000000000036,0.021229050279329753,0.02083916083916071,0.012791572610985513,-0.007073088582014164,-0.03811659192825112,0.038785834738617186,0.0013289036544850141,0.14573991031390143,-0.009343226161033336,-0.021281800391389494,-0.0032679738562090277
2020-08-27 16:00:00,0.0,-0.006892778993435544,-0.026681737224277136,0.04457652303120363,0.0071234735413840955,0.0034965034965033226,-0.045454545454545525,-0.015262110152621133,-0.027397260273972712,-0.0049930651872399645,-0.006748312921769473,-0.01748633879781425
2020-08-28 16:00:00,0.0,0.017516800705078772,0.016996868071928795,0.08051209103840673,0.011114853486022147,0.011614401858304424,0.03571428571428581,0.018867924528301883,-0.06941649899396374,0.001115137998327187,0.023905385002516155,0.007786429365962189
2020-08-31 16:00:00,-0.05769230769230771,0.03215677782589865,-0.006816608996539908,0.009347024749868371,-0.012991339107261801,-0.03444316877152709,0.01806239737274229,-0.033068783068783025,0.0286486486486488,-0.0030632135895293233,-0.018432047186040745,0.0
2020-09-01 16:00:00,-0.08163265306122447,0.019720969264659605,0.038219001498101424,0.09130037824442416,0.005399932500843807,0.022592152199762072,-0.01774193548387104,0.032147742818057434,0.05727798213347346,-0.02402234636871503,-0.01276915373059584,0.001103752759381793
2020-09-02 16:00:00,0.0,-0.0024688818022836623,-0.0064765100671141385,0.08832317437552284,0.0392749244712991,0.0406976744186045,0.016420361247947435,-0.027833001988071593,-0.010934393638171058,0.008586147681740153,-0.006086735987826608,-0.0011025358324144863
2020-09-03 16:00:00,-0.04444444444444451,-0.07383726925853351,-0.04583375553078661,-0.09641994289479461,-0.04780361757105944,0.0,-0.008077544426494443,-0.02999318336741641,-0.06030150753768837,-0.02156640181611824,-0.0020413370757845772,0.004415011037527394
2020-09-04 16:00:00,-0.023255813953488413,-0.03073154437145087,-0.003929203539823067,-0.020053475935828957,0.01763907734056991,-0.022346368715083775,-0.019543973941368087,0.01194659170765977,-0.0385026737967914,-0.0008700696055682355,-0.0007670672462286587,-0.038461538461538436
2020-09-08 16:00:00,0.19047619047619047,-0.04537622056289492,-0.04040655318241593,0.06163958824258953,0.07933333333333348,-0.05485714285714294,0.0016611295681063787,-0.011805555555555514,-0.052836484983314724,-0.011901306240929,-0.023029682702149445,-0.049142857142857155
2020-09-11 16:00:00,-0.12,-0.005708294501398092,0.015174733694636622,-0.04227920227920223,0.009612197547232304,-0.046044864226682525,-0.021138211382113914,0.014513788098693858,0.012965050732807182,0.011844832691738194,-0.002702702702702786,-0.01764705882352946
2020-09-14 16:00:00,0.045454545454545414,0.04381956649091978,0.009167556422812195,-0.024155164207520285,0.023637557452396596,0.024752475247524774,0.049833887043189584,0.005007153075822668,0.04229271007234292,0.026046239391278814,-0.006504065040650486,0.004790419161676773
2020-09-16 16:00:00,0.06521739130434767,-0.0020690406185341903,0.0006475751906749316,-0.03346986541837327,0.006649778340722001,0.04054054054054057,-0.0031746031746030523,0.00870827285921627,-0.009379885356956774,-0.004855755498428871,0.042459332781913384,-0.025821596244131273
2020-09-24 16:00:00,-0.020408163265306145,-0.0005685048322910946,-0.011797032423520704,-0.07004095348104589,-0.007839127471029328,-0.0076142131979695105,0.05214152700186214,0.005154639175257714,-0.006124721603563477,-0.006451612903225823,-0.00203547542890381,0.017241379310344973
2020-09-28 16:00:00,0.02083333333333326,0.010688705234159768,0.01814895422184515,-0.008390463521948277,0.015172413793103523,0.01505646173149322,0.012477718360071277,0.05974025974025965,0.02674672489082952,0.00937042459736448,0.019341801385681423,0.012276785714285587
2020-09-30 16:00:00,-0.020408163265306145,-0.008300097014120933,0.061567905246813215,-0.012242460435951119,0.02957550452331259,-0.0012180267965896663,-0.0035087719298246833,-0.003427592116538092,0.017745803357314127,0.014590020426028527,0.0014585764294048342,0.0
2020-10-01 16:00:00,0.0,0.027608695652173942,-0.013368256343968987,0.060056428859331046,0.026698208854342598,-0.03902439024390236,0.008802816901408494,-0.020636285468615623,0.025447690857681504,-0.009203336209375856,-0.03495484998543541,0.040570175438596534
2020-10-05 16:00:00,0.02083333333333326,0.03866984402079732,0.00034701738557085804,0.030043716863547454,0.01641497045305318,0.018248175182481674,0.025996533795493937,0.009306260575296044,0.019357884796978198,0.010156703424260005,0.02304426925409353,0.02682403433476388
2020-10-06 16:00:00,0.0,-0.0022942955469809068,0.014292156658687993,0.005147191620010982,-0.01808785529715773,0.022700119474313274,-0.0523648648648648,-0.021793797150041927,-0.04261232051875863,-0.015512783682849696,-0.010373443983402564,0.0
2020-10-07 16:00:00,-0.04081632653061229,0.037002195045468644,0.01405656828208901,0.05075914113736402,0.04013157894736841,0.08644859813084116,-0.012477718360071388,0.04884318766066831,0.04305757135945809,0.008170411438575886,0.0032943995208145616,0.0010449320794148065
2020-10-08 16:00:00,-0.08510638297872342,0.013708295534724302,0.013625632377740393,-0.016757865937072403,0.018659076533839247,-0.0010752688172044333,0.06498194945848379,0.04003267973856217,-0.0055658627087197265,0.01157742402315498,0.05253731343283574,-0.029227557411273475
2020-10-09 16:00:00,0.13953488372093026,0.021775877498259932,-0.0026618752911427013,0.06973913043478253,-0.001552312946290102,0.013993541442411273,0.04576271186440661,-0.016496465043205122,0.0013992537313431974,-0.0028612303290415086,-0.014747589336358335,0.0010752688172042113
2020-10-16 16:00:00,-0.04081632653061229,-0.000680735194009463,0.026213851599546034,-0.03738180752034004,0.026388462718625272,-0.21270452358036585,-0.016583747927031545,0.0260162601626015,0.014606341289633118,0.03811723938781397,-0.010159651669085723,-0.002178649237472685
2020-10-26 16:00:00,-0.10638297872340419,-0.019963702359346636,-0.009841249354672232,-0.03615441116461282,-0.027423296225902782,0.0159901599015988,-0.022413793103448265,-0.03489235337787677,-0.042341678939617045,-0.006911805363560952,-0.02371194379391084,-0.01165254237288127
2020-10-27 16:00:00,0.0,0.014711934156378614,0.033466940398214184,0.025825571549534354,-0.025963149078726988,0.0,0.022927689594356204,0.002307692307692344,0.09342560553633206,-0.012806236080178168,-0.01589205397301352,0.012861736334405016
2020-10-28 16:00:00,0.0,-0.0393389435263104,-0.029009270353786976,0.008006603384234312,-0.022929206076239494,-0.03874092009685226,-0.08275862068965512,-0.051419800460475784,-0.03270042194092826,-0.05301748448956578,-0.038086532602071954,-0.002116402116402072
2020-10-30 16:00:00,-0.023809523809523836,-0.054172309615584835,-0.025179165600204723,-0.04917608489345182,-0.010318142734307756,-0.022397891963109373,0.025830258302582898,0.01333333333333342,-0.044076273835573665,0.005685218432076589,-0.010615711252653925,-0.03644158628081451
2020-11-02 16:00:00,0.07317073170731714,0.00011014428901856554,0.02018444976861722,0.02930768532801009,0.0005792064871126268,-0.0013477088948786742,0.019784172661870603,0.05340557275541791,0.08960104643557898,0.021124665278191124,0.04199877375843064,0.031145717463848754
2020-11-03 16:00:00,-0.06818181818181823,0.025991189427312822,-0.08129584352078234,-0.015338504936530328,0.02315484804630974,0.07557354925775983,0.005291005291005346,0.016164584864070575,0.06542617046818733,-0.0011655011655011815,-0.017063842306560884,0.025889967637540368
2020-11-04 16:00:00,-0.024390243902438935,0.04669386002576226,0.035507931505410095,0.061772605192479846,-0.0031117397454031304,0.006273525721455453,-0.024561403508772006,-0.0462762111352133,0.062253521126760525,0.031505250875145885,-0.005387608500448948,0.03785488958990535
2020-11-09 16:00:00,0.22499999999999987,-0.0455525078369905,-0.03140523420570096,-0.20285349912322648,0.03976514544969323,0.023749999999999938,-0.05892255892255904,0.08933518005540164,0.057410521258707714,0.07714617169373561,0.12660158633313,-0.0893470790378007
2020-11-10 16:00:00,-0.1428571428571429,-0.027404290259673614,-0.08257322823804758,0.05199480051994798,0.054414784394250404,-0.003663003663003539,-0.03756708407871201,0.016528925619834656,-0.05611085870059074,-0.013462574044157294,-0.0018954779312212455,0.023899371069182385
2020-11-16 16:00:00,0.023809523809523725,0.0014084507042253502,-0.009699432602361502,0.011012997321162787,0.022821073075989462,-0.004790419161676551,0.009107468123861429,0.06578153289076649,0.022890484739676698,-0.033615742006012694,0.05764966740576494,-0.02091020910209107
2020-11-17 16:00:00,-0.023255813953488413,0.016978099256580226,-0.005845689288064726,0.005789990186457095,-0.003560408260147252,0.015643802647412608,-0.016245487364620947,0.03454133635334089,0.022158841597191836,0.019230769230769162,0.013364779874214028,0.002512562814070307
2020-11-18 16:00:00,0.09523809523809534,-0.0020744838486614903,-0.003777258566978192,0.019514098936481705,0.01762744163887575,-0.015402843601895588,-0.020183486238532167,0.003284072249589487,-0.03283966516419834,0.007769145394006749,-0.03775536591673134,-0.00877192982456143
2020-11-20 16:00:00,-0.10869565217391308,0.015882239008328414,0.04174843202893541,0.05358160744822338,0.005137786081270468,0.00962695547533099,0.007575757575757569,-0.005810882197569978,0.016511867905056654,0.014092290688035414,-0.012299465240641738,0.023284313725490113
2020-11-23 16:00:00,0.024390243902439046,0.02402287893231647,-0.0023269557509049132,0.01036970243462565,0.0401951672862455,0.029797377830750982,-0.046992481203007475,0.052603613177470754,0.12446700507614228,-0.004904632152588517,0.0655116404981051,-0.015568862275448958
2020-11-24 16:00:00,-0.04761904761904756,-0.011915844349283167,0.03646662470845197,-0.05917001338688077,0.037748492293946834,0.05092592592592582,-0.00591715976331364,0.0509843513377084,-0.033766702780787416,0.0021905805038333614,0.06656504065040636,-0.02676399026763998
2020-11-25 16:00:00,0.04999999999999982,0.022046353872244184,-0.008001143020431312,0.014418516410548143,-0.02152389151958678,0.0033039647577091102,0.017857142857142794,-0.02161383285302587,0.0033638572229490737,-0.0019125683060109422,-0.027870414483087025,0.004999999999999893
2020-11-30 16:00:00,0.1132075471698113,0.0052782250849883194,-0.04745370370370372,0.06762708753899793,-0.02707501109631605,-0.02640264026402639,0.02152641878669259,-0.02832031250000011,-0.06425925925925924,0.02900886381950052,-0.05125653147549125,0.002430133657351119
2020-12-01 16:00:00,-0.016949152542372947,0.003470677227017882,0.002468104495747081,-0.037129351095831487,0.019160583941605802,0.015819209039548143,0.049808429118774145,0.09698492462311559,-0.10231545616465465,0.028713129731140485,0.009703645423550844,-0.00121212121212122
2020-12-02 16:00:00,-0.0344827586206895,-0.003724725079815583,-0.010189007992121524,0.01026510756047494,-0.0022381378692928333,0.0033370411568409697,0.005474452554744325,0.02473660100778763,0.05776014109347427,0.03527023598071555,0.037402597402597326,0.009708737864077666
2020-12-03 16:00:00,0.0,0.017269004806836463,0.02139139752028174,0.026683159568828385,-0.01099147599820538,0.014412416851441234,-0.00907441016333932,-0.014751899865891871,-0.05481450604418503,-0.017401960784313553,0.006760140210315457,0.012019230769230616
2020-12-04 16:00:00,0.0714285714285714,0.025463773188659333,0.0012738376231686832,-0.015060240963855387,0.00703107280562465,0.024043715846994385,0.0073260073260073,0.07667876588021794,-0.0509371554575524,0.00623596906959345,0.03655807013180801,0.04275534441805218
2020-12-07 16:00:00,0.1166666666666667,0.029780698011775852,-0.012160898035547207,0.01904761904761898,-0.002027027027026951,0.0010672358591250486,0.045454545454545414,-0.014327855035819681,0.0480947955390334,0.022558254833911606,-0.0187140115163148,0.010250569476081939
2020-12-08 16:00:00,0.02985074626865658,0.012346702021875933,0.007916666666666572,0.013890079739346639,-0.011509817197021155,-0.02025586353944575,-0.012173913043478257,-0.004275331338178812,0.03214364885834642,0.03175757575757587,0.03276283618581921,-0.0033821871476887866
2020-12-09 16:00:00,0.0,-0.01792584104117212,-0.008606110714419746,-0.06308668076109936,0.014383561643835696,0.005440696409140466,-0.022887323943661997,-0.0249033920137397,-0.05476804123711354,-0.016682330827067715,0.01325757575757569,-0.02488687782805432
2020-12-10 16:00:00,0.01449275362318847,0.043507251208534825,0.004056103108415421,0.06498781478472782,-0.035111411208642807,-0.015151515151515249,0.012612612612612706,0.057243505063848454,0.027493751420131884,-0.0028673835125448965,0.02827102803738324,0.0046403712296985145
2020-12-11 16:00:00,0.0,-0.010623003194888181,-0.001245894212254961,-0.007543012119671122,-0.022160018661068204,-0.012087912087912045,-0.026690391459074814,-0.04872969596001675,-0.07164971251658558,-0.014617780972921102,-0.0047716428084526585,0.0034642032332563577
2020-12-14 16:00:00,0.04285714285714293,0.00306773229999191,-0.032169048159068736,0.04107600341588391,-0.007156488549618367,-0.0022246941045606095,-0.038391224862888484,-0.04728546409807344,-0.02382086707956166,-0.0464494163424124,-0.036073059360730575,0.0023014959723821615
2020-12-15 16:00:00,-0.013698630136986356,0.0004024144869214652,-0.003593328906768556,0.04815027479287992,0.0009610764055743015,-0.0022296544035675936,0.04752851711026618,0.018841911764705843,0.061493411420205035,-0.012751849018107664,0.019422074846044524,0.04707233065442007
2020-12-16 16:00:00,0.0,-0.0028157683024939706,0.02657677080475085,0.04867741430583816,-0.005760921747479442,0.025698324022346508,0.021778584392014633,-0.02661253946774933,0.026896551724137963,-0.022474812709894043,0.015334572490706355,0.043859649122807154
2020-12-17 16:00:00,0.0,0.017103670835014073,0.009698728473786833,0.020895522388059806,0.014727184934814064,0.004357298474945592,0.04262877442273538,0.027803521779425466,0.029773897470338095,0.005021141649048655,-0.005034324942791879,0.009453781512605008
2020-12-18 16:00:00,0.0,0.009756484492742246,-0.01675301592103773,0.022222222222222143,-0.024268379728765277,-0.008676789587852451,-0.03747870528109021,-0.007664562669071118,0.01565217391304352,-0.009203260583749762,-0.017249310027598885,0.03433922996878258
2020-12-21 16:00:00,-0.02777777777777779,0.03173605655930878,0.001653846153846228,0.03253718535469097,0.004876859302609171,0.01641137855579844,0.008849557522123908,0.004543389368468764,0.04773116438356162,-0.007961783439490389,-0.01825415399017072,-0.007042253521126751
2020-12-22 16:00:00,0.0,0.028247297091518186,-0.017663095649502747,0.11649006163861775,-0.007522446008250472,-0.0032292787944024903,-0.028070175438596467,-0.02261420171867934,-0.027987742594484222,-0.017121455323702572,-0.016924910607866495,0.012158054711246313
2020-12-23 16:00:00,0.014285714285714235,-0.0006664198445021086,0.0013680960012507626,0.009614788164505894,0.03789731051344747,0.009719222462202914,0.03068592057761732,0.028227672373901003,-0.011979823455233296,0.019052803483941005,0.012851600387972839,-0.006006006006006093
2020-12-29 16:00:00,0.07042253521126773,-0.04221879815100171,0.06251124302932176,-0.013668024707583215,-0.002160345655304763,0.0,0.001776198934280604,-0.008992805755395628,0.04720835224693598,0.006246605105920677,-0.011260182079539938,-0.012332990750257067
2020-12-30 16:00:00,0.013157894736842035,0.022361647361647474,0.009015491407771137,0.03237841439040645,0.006495068559057016,-0.003325942350332567,0.04078014184397172,0.0412885662431941,0.048547897702644116,-0.008367071524966185,0.007996123091834173,0.011446409989594342
2020-12-31 16:00:00,-0.025974025974025983,-0.020535011801730896,-0.02374260665296357,-0.020908621579762587,-0.004780114722753415,0.007786429365962189,-0.027257240204429323,0.004357298474945592,0.00744109136006621,0.0019052803483941005,-0.009134615384615463,0.015432098765431945
2021-01-04 16:00:00,-0.040000000000000036,0.001606554743352806,-0.02096850427534047,-0.03796467176377527,-0.02713736791546595,-0.013245033112582849,0.06654991243432562,0.008676789587852562,0.09745588838736152,0.0,0.00679281901989337,-0.010131712259371817
2021-01-05 16:00:00,0.0,0.02462106022936883,0.05508009655475088,0.017607563716086627,0.02838805233275732,0.046979865771812124,-0.008210180623973717,0.01806451612903226,-0.005421574126004858,0.010323281716924537,0.04819277108433728,0.007164790174002178
2021-01-06 16:00:00,-0.01388888888888895,0.0036787726988101177,-0.05320299500831949,-0.03211472429812168,0.031685069611137706,0.03632478632478642,0.0033112582781456013,0.06506125897760873,-0.050751879699248215,-0.008604463565474618,0.02551724137931033,-0.024390243902439046
2021-01-07 16:00:00,-0.042253521126760396,0.07915464399906424,-0.003119370853653214,0.07122982749026163,0.007910656119125337,-0.024742268041236914,-0.02970297029702962,0.0007933359777865245,0.07485148514851492,0.005153241117439755,0.00784577449002466,0.025000000000000133
2021-01-08 16:00:00,0.014705882352941124,0.0296285590403238,0.040943146760687554,0.031688311688311765,-0.006001846722068271,-0.023255813953488413,-0.05782312925170063,-0.009512485136742077,0.0854826823876198,0.0018888289260658997,0.011120996441281061,0.008130081300812941
2021-01-11 16:00:00,0.0,-0.029898933183604703,-0.03734281722342181,-0.04116314199395765,0.04528564793311651,-0.005411255411255533,-0.023465703971119134,-0.017206882753101227,0.0641547861507128,0.017236735793159097,0.030356357237131704,-0.03125
2021-01-12 16:00:00,-0.02898550724637672,0.020040515120822056,-0.00778466816202672,0.024287777340160188,0.062430570984225886,0.057671381936888144,-0.001848428835489746,0.021172638436482094,-0.010526315789473717,-0.01562086311887756,0.02220324508966698,-0.004162330905306932
2021-01-14 16:00:00,0.0,0.025119954840530534,0.03263918402039945,-0.012961414406880811,0.0574594705520215,0.024640657084188833,0.005671077504725952,0.026595744680850908,-0.020595333869670163,-0.0029842647856754834,0.0390334572490707,0.010193679918450549
2021-01-15 16:00:00,0.0,-0.02319658590308371,0.00197547123220021,-0.04502269288956129,-0.030273627013390314,-0.004008016032064243,-0.046992481203007475,-0.07214029493822238,-0.0755708887793658,-0.0013605442176869431,-0.048101769032001584,-0.024217961654894093
2021-01-19 16:00:00,0.030303030303030276,0.02973715735325211,0.03364002300172508,-0.048602750142576645,0.09745847508505112,0.03219315895372232,0.011834319526627057,-0.008161512027491491,0.03856406610982743,0.0008174386920978272,0.01983712674879934,0.02792140641158225
2021-01-20 16:00:00,0.0,0.006706357353041925,0.05499701967017678,0.037631543892367114,0.018599562363238453,-0.009746588693957059,0.02729044834307981,-0.010827197921178033,-0.012491444216290115,-0.006261911244214491,0.014127764127764175,0.028169014084507227
2021-01-21 16:00:00,0.0,-0.015634559173407725,-0.0206787449621455,0.015020219526285405,-0.013963480128893702,-0.013779527559055205,-0.007590132827324347,-0.1239054290718038,0.010916652226650614,-0.0005479452054795164,-0.028669493236422428,0.012720156555772855
2021-01-22 16:00:00,0.02941176470588225,0.008770112561287347,-0.0053076923076922355,0.010244735344336897,0.005809731299927456,0.004990019960079861,-0.007648183556405397,-0.030484757621189518,0.06187864244086394,0.0019188596491228616,-0.014134275618374548,0.034782608695652195
2021-01-25 16:00:00,-0.08571428571428563,0.004038882803942823,0.010672028458742489,-0.016338028169014196,-0.03628158844765339,-0.002979145978153075,-0.0077071290944122905,-0.003092783505154628,-0.031638418079096065,0.019972640218878457,-0.011174362218005496,-0.036414565826330625
2021-01-28 16:00:00,0.0625,0.014600650524033254,0.001959654178674386,0.006001655629139124,0.03445480340494522,-0.0010373443983402453,0.04175824175824183,-0.008574490889603492,0.021347331583551954,-0.010485651214128144,0.015656008820286615,-0.004044489383215444
2021-01-29 16:00:00,-0.044117647058823595,-0.020873405998432792,-0.02657616198803492,0.002057189878625687,-0.007053291536050166,-0.0010384215991694479,-0.016877637130801704,-0.027027027027026973,-0.02347096111015934,0.001115448968209698,-0.02648719062092919,0.006091370558375608
2021-02-01 16:00:00,0.0,0.037689173457508884,0.04278454083441674,0.004516526380619945,0.016377269139699946,0.02598752598752596,0.06437768240343344,0.04555555555555557,-0.000175438596491162,-0.002785515320334331,0.001784121320249632,0.023208879919273562
2021-02-04 16:00:00,0.0,0.015330915063992645,0.013400144250844459,0.070394781545152,-0.0022119815668202314,0.019095477386934734,-0.030674846625766805,0.02311557788944718,-0.006553984132459445,0.0014351320321468464,0.019190215099114116,0.0029239766081869956
2021-02-05 16:00:00,0.1692307692307693,0.00748230535894856,-0.004832184596943234,-0.058592014219513655,0.005172732311102823,0.007889546351084853,0.03375527426160341,0.028978388998035287,-0.016145833333333304,0.0008598452278589797,0.033519553072625774,0.03790087463556868
2021-02-08 16:00:00,0.0,0.02575940050849712,-0.01159333007114105,-0.022319622387053317,0.04539606689946707,-0.006849315068493178,0.024489795918367196,0.04057279236276856,0.04235044997353099,-0.00286368843069873,0.04304304304304307,0.03183520599250933
2021-02-09 16:00:00,-0.052631578947368474,0.010566825386471912,0.014852050725465693,0.019104765845920246,-0.014416315049226469,0.010837438423645374,-0.02191235059760943,-0.0018348623853210455,0.06382258337565605,0.004307869040781176,-0.028214971209213013,0.028130671506352067
2021-02-10 16:00:00,0.06944444444444442,-0.01181178596785648,0.004878231828586488,-0.01840822956145105,-0.021048876204067035,-0.010721247563352798,0.0,-0.009191176470588314,-0.02514322087842147,-0.006577066056619896,0.009678056488247933,-0.015004413062665534
2021-02-11 16:00:00,0.038961038961039085,0.009601567602874006,0.0042570671048209885,0.009928295642581242,-0.025145772594752258,-0.01871921182266001,0.004073319755600657,-0.0078849721706864,-0.01616062683643482,-0.00892343120322403,-0.025039123630672844,0.07347670250896066
2021-02-12 16:00:00,-0.012499999999999956,0.013003817040823096,-0.004015914922098629,0.05591206990715447,0.0018691588785046953,-0.007028112449799173,-0.024340770791075106,0.012622720897615736,-0.006968641114982632,0.008422887017136116,0.013643659711075395,-0.03171953255425719
2021-02-16 16:00:00,0.012658227848101333,-0.009324307063481974,0.010640283740899648,-0.056830671752763906,-0.0026119402985074203,0.011122345803842304,-0.03534303534303529,0.03554939981532779,-0.010359231411863012,-0.000864055299539257,0.0300870942201108,-0.008620689655172376
2021-02-17 16:00:00,0.03749999999999987,-0.01901753481175872,0.00048023642408567824,-0.045585412667946246,-0.010662177328844002,0.007000000000000117,-0.012931034482758563,-0.022291573785109264,-0.032247172041195316,0.005765350245027445,0.015564950038432057,0.003478260869565153
2021-02-18 16:00:00,-0.012048192771084376,-0.019583360714989784,-0.023335671823653148,-0.0056022408963585235,-0.013802231045566327,0.011916583912611634,-0.02183406113537112,-0.03693570451436379,-0.05041870202372645,-0.009458297506448776,-0.015704824976348175,0.048526863084922045
2021-02-19 16:00:00,0.04878048780487809,0.022923788457671623,-0.0034781293712903283,0.009100758396533237,0.007860429447852813,-0.013738959764474812,-0.017857142857142905,0.09517045454545436,0.011207054932941274,-0.003472222222222321,0.006728181468665717,0.006611570247933907
2021-02-22 16:00:00,-0.011627906976744207,-0.05785990433130206,-0.03638226032854042,-0.09992126547849123,-0.01122313106334416,0.012935323383084452,0.050000000000000044,0.07220060527453542,-0.07921511627906974,-0.005226480836236891,0.03685316020622498,-0.04022988505747127
2021-02-23 16:00:00,-0.08235294117647052,-0.03296703296703307,-0.004921259842519676,0.00906560636182907,-0.01673720661792988,-0.007858546168958758,-0.04112554112554123,0.004032258064516014,-0.030978689818468852,-0.010215995329830752,0.013812154696132506,-0.02480752780153972
2021-02-24 16:00:00,0.0,-0.005178365937859586,-0.00953511374876359,-0.03286310978012452,0.03502250048914113,0.01980198019801982,0.018058690744920947,0.09236947791164662,0.05599674200773763,-0.004718372161604201,0.02997275204359684,-0.009649122807017685
2021-02-25 16:00:00,-0.06410256410256421,-0.06369288606130719,-0.04058480466565473,-0.061196219035202115,-0.04347826086956519,-0.022330097087378653,-0.055432372505543226,-0.06029411764705883,-0.09737755495564981,0.002074074074074117,-0.01657848324514999,-0.02214348981399472
2021-02-26 16:00:00,0.09589041095890427,0.006563199752914972,-0.0100757765009577,0.04565575904869368,0.014426877470355759,-0.002979145978153075,-0.05868544600938963,-0.03951486697965567,-0.022003845332194016,-0.009757539917208735,-0.024928263988522215,0.009963768115942129
2021-03-01 16:00:00,0.1625000000000001,0.04863455047560583,0.016529273216689067,0.02772474474973019,0.02357295928307024,0.07569721115537864,0.009975062344139696,0.05865580448065155,0.08693752730449966,0.005971931919976026,0.03733676659922747,0.036771300448430466
2021-03-02 16:00:00,-0.06451612903225812,-0.023335771762984625,-0.03007985435888949,-0.047169049349810255,0.029881994670727163,0.04537037037037028,0.04691358024691361,0.05809926894959605,-0.130024115755627,-0.005342831700801409,-0.005851063829787173,-0.014705882352941124
2021-03-03 16:00:00,0.011494252873563315,-0.06291663545801807,0.00789181810425732,-0.08383487327286598,-0.026612456107928284,-0.025686448184233712,-0.007075471698113289,0.12109090909090914,-0.04065604065604056,0.02626081766636834,0.008025682182985605,-0.026338893766461924
2021-03-04 16:00:00,-0.045454545454545525,-0.053393014147550044,-0.024421213019003685,-0.030810510732790508,-0.015948357698879922,-0.030909090909090886,0.014251781472683911,-0.07265650340577356,-0.05417770286539847,-0.0055248618784530246,0.03874734607218677,-0.05500450856627592
2021-03-05 16:00:00,-0.1071428571428571,-0.01148357679641998,0.01470715835141001,0.003627684964200517,0.037044182905653145,0.014071294559099501,0.007025761124121788,0.013990905911157592,-0.029786150712830972,0.005555555555555536,0.0378129790495656,-0.016221374045801484
2021-03-08 16:00:00,0.01333333333333342,-0.058170325446314064,-0.03078370174013423,-0.035955483686863854,0.02288372093023261,0.013876040703052706,-0.006976744186046546,-0.017937219730941645,-0.07609551298871686,-0.0011631288165163678,-0.000984736582964052,-0.04461687681862281
2021-03-09 16:00:00,0.11842105263157898,0.1042082350807183,0.050509506374343704,0.14474592994573254,-0.006002182611858808,0.014598540145985162,0.042154566744730726,0.05163329820864071,0.17438227776199944,0.0029112081513829047,-0.015442746837522559,0.04365482233502527
2021-03-10 16:00:00,0.0,-0.004599589322381914,-0.016124968505920823,-0.040510256852266835,0.039890210430009176,-0.0008992805755395628,-0.008988764044943864,0.06813627254509025,-0.0007255139056832061,0.013933236574745989,0.030702486233939563,-0.032101167315175094
2021-03-12 16:00:00,-0.09411764705882353,-0.015542430836182786,-0.037084717607973494,-0.05184870378240547,0.052014912124977775,-0.003530450132391949,-0.0022321428571430157,-0.020211442786069456,-0.011514229850097757,0.006626332469028995,0.01076496493231116,-0.004897159647404559
2021-03-15 16:00:00,0.038961038961039085,0.01736659299021137,-0.006857290723250142,0.010667861945315993,-0.022274721565980427,0.00620017714791854,0.015659955257270708,-0.014915899714376457,-0.01252747252747255,0.013451631368059491,-0.025496207842504393,0.011811023622047223
2021-03-16 16:00:00,0.02499999999999991,-0.02219118559900679,-0.014547507382317137,-0.0423984388859322,-0.014152571625819843,-0.01848591549295764,-0.008810572687224627,-0.04896907216494839,-0.02782105497440468,0.011861056198813946,-0.021195562179168737,0.0029182879377434023
2021-03-17 16:00:00,0.03658536585365857,0.011426757657514663,0.028246595866566748,-0.0015746572804741232,0.05129551820728295,0.0,0.03555555555555556,0.07757452574525736,0.024725274725274637,-0.0011163829193413521,0.004398578920656426,-0.01745877788554795
2021-03-18 16:00:00,-0.0117647058823529,-0.057978973795700606,0.013242478786320344,-0.04685035717599051,-0.012989175686927479,-0.0385650224215246,-0.030042918454935785,-0.019490726186733642,-0.06992850759606783,-0.0005588153115394512,-0.04311942058278584,-0.02369200394866733
2021-03-19 16:00:00,-0.023809523809523836,0.019072207878737535,0.014211394493084617,0.05421452209460775,0.009279568078285783,0.01399253731343264,0.01106194690265494,-0.00160307790958647,0.04131635839538794,-0.0067095331283199,-0.005632811124801962,0.009100101112234471
2021-03-22 16:00:00,0.0,0.019287348806799498,-0.011134742900037464,0.011356292124457656,-0.02875292544299568,-0.03955841766329349,0.0,-0.022800256904303207,-0.009457900807381847,0.013228257810301125,-0.010267303947601447,0.005010020040079999
2021-03-23 16:00:00,0.0,-0.024214239897370038,0.0023195006747638303,0.034781814862150595,-0.033390705679862354,-0.036398467432950055,-0.024070021881838155,-0.09891554387117973,-0.04098742431299485,-0.01777777777777778,-0.01234126274369518,-0.004985044865403632
2021-03-24 16:00:00,-0.060975609756097504,-0.05686113393590797,-0.033996718138595505,-0.10198500220555795,-0.006232193732193636,-0.04274353876739556,0.0022421524663676085,0.04886943836615609,-0.10247693054881013,0.00707013574660631,0.020282506338283213,-0.02605210420841686
2021-03-25 16:00:00,0.0,-0.003136434918975417,-0.0299229060499151,0.014146772767462457,0.0141551693244939,0.036344755970924236,-0.01118568232662187,0.03129346314325443,0.02651515151515138,0.0016849199663016012,-0.00283990060347894,0.010288065843621297
2021-03-26 16:00:00,0.06493506493506485,-0.003932878867330958,0.020384339080459668,0.03090186961154706,-0.001413427561837377,-0.006012024048096198,0.013574660633484337,0.105192178017532,-0.047706905640484853,0.016260162601625883,0.027233891064435856,0.024439918533604832
2021-03-29 16:00:00,-0.04878048780487798,-0.024567868737387033,0.020241133503476227,-0.013155421913174314,-0.010261854210898869,-0.03931451612903236,-0.0044642857142858094,-0.022574740695546103,-0.017160254636036654,0.010206896551724132,-0.005371686016288346,0.0029821073558646827
2021-03-30 16:00:00,-0.02564102564102566,0.029234505711972725,-0.011256792892262668,0.020472290992191944,0.045942080800858154,0.011542497376705319,-0.049327354260089606,0.029026217228464324,0.057448606026471394,-0.013926815947569615,-0.01236933797909412,-0.0029732408325073845
2021-04-05 16:00:00,-0.013157894736842146,0.006537029375258685,0.004189695132822191,-0.026764207333392798,0.05605536332179928,-0.0020387359836901986,-0.011111111111111072,-0.02109835556934525,-0.008825012607160732,-0.000550964187327696,-0.01550792821048963,0.01717557251908386
2021-04-06 16:00:00,-0.040000000000000036,0.01800394607037159,0.023391034176653225,0.057658813823448396,0.014744429882044496,-0.0010214504596527396,0.033707865168539186,-0.007606973058637112,0.01755278555075046,-0.006339581036383768,-0.002831858407079557,-0.011257035647279645
2021-04-07 16:00:00,0.0277777777777779,-0.024307518371961656,-0.02233595003686517,-0.0015600624024960652,-0.017920568291895367,0.006134969325153339,-0.021739130434782483,0.006707122325135817,-0.06824999999999992,-0.003883495145631133,0.004437344692935774,0.0009487666034158071
2021-04-08 16:00:00,0.013513513513513598,0.0274788942228108,0.012509981368112877,0.07309027777777777,-0.012165050139733569,0.03556910569105698,0.040000000000000036,-0.002220812182741172,0.038368661121545466,0.0013923698134226115,-0.010425870295105222,0.012322274881516382
2021-04-09 16:00:00,-0.06666666666666676,-0.00708877074270986,-0.02160007010164744,-0.040608315806503925,0.001164919287734989,0.006869479882237517,-0.004273504273504147,-0.002861685214626375,-0.014987080103359363,0.017797552836485098,-0.0023214285714285854,-0.0065543071161049404
2021-04-12 16:00:00,0.12857142857142878,-0.0064092162907675165,0.09269625184720787,0.0031197301854974935,-0.00831117021276595,0.0,-0.030042918454935785,0.013073979591836649,-0.02570828961175231,0.010109289617486361,-0.0066225165562913135,0.006597549481621057
2021-04-13 16:00:00,0.012658227848101333,0.04156119866089658,-0.008688168517683725,0.028494578465159348,-0.019611129735165878,0.003898635477582957,0.02433628318584069,-0.016682404784387872,0.03607969843834136,0.005139302136867752,0.003783783783783745,-0.0018726591760299671
2021-04-15 16:00:00,-0.050000000000000044,0.0140145751581644,-0.0005852108849223603,0.017826825127334578,0.0022229822161423662,0.011527377521613813,0.04656319290465638,-0.01647199760407303,-0.03673689897352794,0.011568469195587738,-0.005931612002791353,0.016098484848484862
2021-04-16 16:00:00,0.0,-0.01769072816300754,-0.0016730101635367145,-0.030775646371976717,0.001706193482341023,0.007597340930674212,0.010593220338982912,0.08495736906211926,0.0120583286595628,0.02579787234042552,-0.005616005616005615,-0.01584342963653307
2021-04-19 16:00:00,-0.052631578947368474,-0.03167711850779864,-0.016381080062005116,-0.07279924275019356,-0.014137284959972685,0.018850141376060447,-0.0062893081761005165,0.011226494527083908,0.019118869492934287,0.009333679025149033,-0.0031768443346276154,0.0028409090909089496
2021-04-20 16:00:00,-0.05555555555555547,-0.011956160743938904,-0.020870602265951166,-0.011600928074245953,-0.03645473393227361,0.022201665124884418,0.010548523206751037,-0.08465167915625882,0.004078303425774754,0.0025687130747495956,-0.021069405099150118,-0.010387157695939564
